universidad,es_publico,n_renacyt,cl_baseline,S0_baseline,S1_binaria,S2_binaria_densidad,S4_organizacional
Universidad Nacional Agraria La Molina,1,216,2,2,4,1,1
Universidad Nacional Agraria de la Selva,1,48,2,2,4,1,1
Universidad Marcelino Champagnat,0,6,1,1,1,3,3
Universidad Autónoma del Perú S.A.C.,0,51,1,1,1,3,3
Universidad para el Desarrollo Andino,0,5,1,1,1,3,3
Universidad Nacional de Tumbes,1,66,2,2,4,1,2
Universidad de Piura,0,68,1,1,1,3,2
Universidad Tecnológica del Perú S.A.C.,0,19,1,1,1,3,2
Universidad de Huánuco,0,21,1,1,1,3,2
Universidad Andina del Cusco,0,31,1,1,1,3,2
Universidad Nacional de Cajamarca,1,69,2,2,4,1,1
Universidad Privada de Huancayo Franklin Roosevelt S.A.C.,0,49,1,1,1,3,2
Universidad del Pacífico,0,79,1,1,1,3,2
Universidad ESAN,0,49,1,1,1,3,3
Universidad Nacional Intercultural de Quillabamba,1,18,2,2,4,1,1
Universidad Católica de Trujillo Benedicto XVI,0,31,1,1,1,3,3
Universidad Nacional Autónoma de Tayacaja Daniel Hernández Morillo,1,40,2,2,4,1,1
Universidad Nacional de Juliaca,1,53,2,2,4,1,2
Universidad San Pedro,0,6,2,2,4,1,1
Universidad Nacional de Frontera,1,51,2,2,4,1,2
Universidad Nacional José María Arguedas,1,64,2,2,4,1,1
Universidad José Carlos Mariátegui,0,7,2,2,4,1,1
Universidad César Vallejo S.A.C.,0,497,1,1,1,3,3
Universidad Nacional Micaela Bastidas de Apurímac,1,57,2,2,4,1,1
Universidad Católica Santo Toribio de Mogrovejo,0,50,1,1,1,3,2
Universidad Privada de Pucallpa S.A.C.,0,0,4,4,1,3,2
Universidad Nacional del Altiplano,1,10,2,2,4,1,2
Universidad Católica de Santa María,0,144,1,1,1,3,2
Universidad Inca Garcilaso de la Vega Asociación Civil,0,4,1,1,1,3,3
Universidad Señor de Sipán S.A.C.,0,119,1,1,1,3,3
Universidad Nacional Toribio Rodríguez de Mendoza de Amazonas,1,214,2,2,4,1,1
Universidad Antonio Ruiz de Montoya,0,23,1,1,1,3,2
Universidad Católica San Pablo,0,57,1,1,1,3,2
Universidad Nacional Federico Villarreal,1,52,2,2,4,1,1
Universidad Nacional Amazónica de Madre de Dios,1,54,1,1,1,3,2
Universidad Privada Antenor Orrego,0,115,1,1,1,3,2
Universidad Católica Los Ángeles de Chimbote,0,14,1,1,1,1,3
Universidad Femenina del Sagrado Corazón,0,11,1,1,1,3,3
Universidad de Lima,0,104,1,1,1,3,2
Escuela de Postgrado Gerens S.A.,0,1,3,3,2,2,4
Universidad Nacional Hermilio Valdizán de Huánuco,1,11,2,2,4,1,1
Universidad Continental S.A.C.,0,178,1,1,1,3,2
Pontificia Universidad Católica del Perú,0,259,1,1,1,3,2
Universidad Privada del Norte S.A.C.,0,219,1,1,1,3,2
Universidad Científica del Sur S.A.C.,0,203,1,1,1,3,2
Universidad Católica Sedes Sapientiae,0,18,1,1,1,3,2
Universidad Nacional del Callao,1,133,2,2,4,1,1
Universidad Ricardo Palma,0,103,2,2,4,1,2
Universidad Privada San Juan Bautista S.A.C.,0,3,1,1,1,3,2
Universidad Nacional de Cañete,1,41,2,2,4,1,1
Universidad Nacional Tecnológica de Lima Sur,1,46,2,2,4,1,1
Universidad Nacional Santiago Antúnez de Mayolo,1,47,2,2,4,1,1
Universidad de Ingeniería y Tecnología,0,62,1,1,1,3,2
Universidad Peruana de Ciencias Aplicadas S.A.C.,0,117,1,1,1,3,3
Universidad Privada Norbert Wiener S.A.,0,70,1,1,1,3,3
Facultad de Teología Pontificia y Civil de Lima,0,0,4,4,1,3,3
Universidad Nacional de Moquegua,1,64,2,2,4,1,2
Universidad Nacional Daniel Alcides Carrión,1,72,1,1,1,3,3
Universidad Nacional de San Agustín de Arequipa,1,137,2,2,4,1,1
Universidad Nacional de Jaén,1,41,2,2,4,1,1
Universidad Peruana Los Andes,0,94,1,1,1,3,2
Universidad Le Cordon Bleu S.A.C.,0,8,1,1,1,3,2
Asociación Civil Universidad de Ciencias y Humanidades,0,33,1,1,1,3,3
Universidad Privada de Tacna,0,47,1,1,1,3,3
Universidad de San Martín de Porres,0,82,1,1,1,3,3
Universidad Nacional de Piura,1,77,2,2,4,1,1
Universidad Nacional de San Martín,1,74,2,2,4,1,1
Universidad Nacional Autónoma de Chota,1,31,2,2,4,1,1
Universidad Nacional José Faustino Sánchez Carrión,1,98,2,2,4,1,1
Universidad Nacional Intercultural de la Selva Central Juan Santos Atahualpa,1,23,1,1,1,3,3
Universidad Nacional Autónoma de Huanta,1,26,2,2,4,1,2
Universidad María Auxiliadora S.A.C.,0,10,1,1,1,3,3
Universidad Peruana Unión,0,51,1,1,1,3,3
Universidad Nacional de Huancavelica,1,135,2,2,4,1,1
Universidad Andina Néstor Cáceres Velásquez,0,13,2,2,4,1,1
Universidad Nacional Pedro Ruiz Gallo,1,129,2,2,4,1,2
Universidad Alas Peruanas S.A.,0,6,1,1,1,3,2
Universidad Peruana Cayetano Heredia,0,227,1,1,1,3,2
Universidad Jaime Bausate y Meza,0,0,4,4,1,3,2
Universidad Nacional de San Cristóbal de Huamanga,1,98,1,1,1,3,3
Universidad Nacional Mayor de San Marcos,1,671,2,2,4,1,1
Universidad Nacional de la Amazonía Peruana,1,96,2,2,4,1,1
Universidad Científica del Perú,0,10,2,2,4,1,2
Universidad de Ciencias y Artes de América Latina S.A.C.,0,3,1,1,1,3,2
Universidad Nacional del Centro del Perú,1,148,2,2,4,1,1
Escuela de Posgrado Newman S.A.C.,0,31,3,3,2,2,4
Universidad San Ignacio de Loyola S.R.L.,0,29,1,1,1,3,2
"Escuela Nacional Superior de Arte Dramático ""Guillermo Ugarte Chamorro""",1,0,4,4,1,3,2
Escuela Nacional Superior de Folklore José María Arguedas,1,0,4,4,3,4,2
Escuela Superior de Guerra Naval,1,0,3,3,2,2,4
Conservatorio Regional de Música Luis Duncker Lavalle,1,0,4,4,3,4,2
Instituto Superior de Música Público Daniel Alomía Robles de Huánuco,1,0,4,4,3,4,2
Escuela Superior de Formación Artística Sérvulo Gutiérrez Alarcón de Ica,1,0,4,4,3,4,2
Escuela Superior de Música Pública José María Valle Riestra de Piura,1,0,4,4,3,4,1
Escuela Nacional Superior de Ballet,1,0,4,4,4,1,1
"Escuela Superior de Arte Dramático ""Virgilio Rodríguez Nache""",1,0,4,4,3,4,2
Escuela Superior de Formación Artística Pública Mario Urteaga Alvarado de Cajamarca,1,0,4,4,3,4,1
Escuela Superior de Arte Pública Ignacio Merino de Piura,1,0,4,4,3,4,2
Instituto Superior de Música Público Leandro Alviña Miranda del Cusco,1,0,4,4,3,4,2
