universidad,pct_doctorado,pct_maestria,pct_renacyt_doc,pct_exclusiva,pct_tc,pct_contratado,pct_ordinario,edad_media_doc,pct_fem_doc,pct_fem_mat,pct_discap,pct_posgrado,edad_media_mat,n_departamentos,nota_prom_egr,creditos_prom_egr,pct_posgrado_egr,puntaje_medio,nivel_medio,pct_prod_rec,antiguedad_med,n_areas_ocde,pct_fem_renacyt,ratio_mat_doc,ratio_egr_mat
Universidad Nacional Agraria La Molina,2.221140823654208,0.14197288192555246,3.319806153039211,4.28922561845055,-1.151930022521139,-1.1079049519540363,1.4664587771184898,0.9163684935922887,0.066727956327785,-0.0838096749826352,-0.713723346422426,0.3424646707286745,-0.13345996710015504,-0.2678562584008606,-1.0503864178278868,0.3189131040363818,-0.6618117928529514,0.3289994314389903,1.3219535909737365,-0.15851663899728471,1.9770815112081388,1.4122890249937725,0.2086204535891852,-0.15185940132203035,-0.240437460560265
Universidad Nacional Agraria de la Selva,-0.4643282816197503,-0.5119880234458101,-0.7455754877305734,5.550919702786495,-1.379588616108534,-1.3529466459898394,1.7481878429150992,1.2890603951063953,-1.5352109450359508,-0.7943143025085302,0.42786986328895454,-0.4631442917768147,-0.8206083196057888,-0.2678562584008606,-2.115112581974243,0.554076735763572,-0.6618117928529514,-0.19121973308683426,0.03829895154656606,0.7736962136067074,0.12303195688897955,0.1412289024993773,-0.9609284058378751,-0.14115549620644863,-0.23896677958625143
Universidad Marcelino Champagnat,2.522642576987838,0.3643195897518157,-0.3652308682057745,-0.48509407660526555,-0.40060853290185017,0.6384835679762557,-0.32321621834952513,0.30733538623996703,1.594706208262754,1.3571705209509637,-0.1279057782810597,-0.07610985988963875,1.28102085209273,-0.2678562584008606,-0.030481200454014312,-1.4414546534642987,1.9084274254830893,-0.21164286520317974,0.029186902303405236,-0.8318068765000538,1.29748389573077,0.1412289024993773,1.8503973143948764,-0.11952468795204393,-0.17799479753860534
Universidad Autónoma del Perú S.A.C.,-0.4643282816197503,-0.006742672110750007,-0.042296757288492436,-0.48509407660526555,-0.42034215306481676,1.1438043202709005,-0.8488301470745431,-0.8252843925077824,0.5909545374437718,0.2987106542150897,-0.5034298604229611,-0.09161262028290962,0.33468496311567214,-0.2678562584008606,1.00040057531312,-0.14693485214700405,0.26689358423464843,6.489898880758635,2.9413978404174634,-0.5238124061530423,0.6871960104745448,-0.49430115874782027,0.3403137846698559,-0.08629798248909236,-0.23251723073146274
Universidad para el Desarrollo Andino,-0.4643282816197503,1.304570047030197,-0.7455754877305734,-0.48509407660526555,-0.3933889157690576,1.0554898011006362,-0.9879156789833171,-1.103439811686604,0.5511295723667432,-0.17367890895077556,0.9536035782876168,3.0255113746537243,1.8496260677625964,-0.2678562584008606,1.228164161973293,-2.8591554047339307,3.6330279983275093,-0.11650360196384967,0.5002798481747976,-0.9858041116735592,1.586447347692263,-1.1298312199950178,-1.3585301862707928,-0.11551072353370077,-0.2187755553805234
Universidad Nacional de Tumbes,-0.4643282816197503,-0.5119880234458101,-0.18223487201931463,0.21436674100441871,0.48259129634311787,-0.3889501339200557,0.21080753323509316,-0.04717642251735363,0.04559634220528028,0.1450880320473286,0.7132681657167996,-0.4631442917768147,-0.7482769140788801,-0.2678562584008606,-1.5992143374909567,0.5137629703246254,-0.6618117928529514,-0.2018741015669986,-0.1983295772367552,0.010365503355055428,-0.13143568918973522,0.7767589637465749,-0.5975896576202939,-0.14249348434589634,-0.23464665422508657
Universidad de Piura,-0.4643282816197503,-0.05130889677309471,1.335555449291911,-0.48509407660526555,0.04941426837555847,0.5358645844333434,-0.2352365330490914,-0.40168823127467557,0.460101080762107,-0.02159251300469233,-0.713723346422426,-0.12956765434919346,-0.7723873825878499,0.2421008489392393,-2.143468691156834,-0.017034941288175582,0.34947736971669713,-0.04476880033696673,0.3296125258577524,-0.9237455243648329,1.643224374263646,1.4122890249937725,-0.4879783006643908,-0.1538663835312019,-0.22064454578499898
Universidad Tecnológica del Perú S.A.C.,-0.4643282816197503,-0.3874932436825211,-0.5482268643922343,-0.48509407660526555,-0.43381877171269645,1.1795654812025216,-0.9083458165424836,-0.9943592551458895,0.6836085378270625,-0.18750494494587405,-0.6235975667083696,-0.3343110071292879,-0.2620491324813258,3.8118006003199385,1.1796843624030577,0.554076735763572,-0.4724969161923486,-0.18276130314838315,-0.12859542406500285,0.5460631224207864,-0.6241598664600807,-0.49430115874782027,-0.7326403022400276,-0.10056985597653464,-0.2332525712184695
Universidad de Huánuco,-0.4643282816197503,-0.31095559697979863,-0.3185848299621671,-0.3465342194025852,0.389217581425666,1.0931167617330377,-0.7961070268393567,-0.628939390734497,0.39670623839459224,0.5229996825800209,-0.11288481499538362,-0.347140877799581,-0.32835292088099255,-0.2678562584008606,-1.0695953950160932,0.34578894766234675,-0.17596800223926162,-0.290521080899053,-0.46026031418635216,0.9281615254828682,-0.5848856964294683,0.1412289024993773,-0.03720709776139966,-0.043482362026765496,-0.23400323129895562
Universidad Andina del Cusco,3.4692178490817924,-0.2542789851809472,-0.37599533856968387,-0.3865034089802815,0.11775997723266217,0.8371912361093499,-0.5441357957767173,-0.05626646889574726,0.5633208882066498,0.34402932775457945,-0.3832621541375527,-0.283526102392711,-0.4127395606623859,0.2421008489392393,1.0735776312681944,0.9840902337790057,-0.48746824572418207,-0.015095926676115508,0.39838200094869686,-0.6193968969503907,0.3652694977492032,0.7767589637465749,0.02788270955433446,-0.11952468795204393,-0.23100059097701123
Universidad Nacional de Cajamarca,-0.4643282816197503,-0.5119880234458101,-0.6164018433636606,1.5899730156367975,-0.592169040825282,-0.27358151908847833,0.30525631304291184,0.5236784900457166,0.0537238860985515,-0.3326783228944083,1.299085733858166,-0.4631442917768147,-0.7020651827700216,-0.2678562584008606,-0.8043285671789435,0.5249612385021106,-0.6618117928529514,-0.08712235890464484,0.3188964679462399,0.20993912614424934,-0.17036192880909667,2.04781908624097,-0.5923848660426573,-0.15453537760092578,-0.240437460560265
Universidad Privada de Huancayo Franklin Roosevelt S.A.C.,-0.4643282816197503,-0.5119880234458101,0.17299264998969566,-0.48509407660526555,-0.6845801401250279,0.9743275141166965,-0.9630096651298855,-0.7780161513401399,1.6296546470038198,2.218993431312103,-0.48840889713728514,-0.4631442917768147,0.28646402609773247,-0.2678562584008606,-0.648827323274407,0.46896989761468444,-0.6618117928529514,-0.5045844231875458,-1.395454102836425,0.07960533166967373,-1.5516667489313585,-0.49430115874782027,0.7332436827105502,0.02274805087589637,-0.23427898398158317
Universidad del Pacífico,-0.4643282816197503,-0.5119880234458101,2.889227338482835,-0.48509407660526555,-0.22444987486170942,0.8567821329675426,-0.5502814355587329,-0.4144142962044256,-0.17222183413438544,0.17197199092668689,-0.7738071995651302,0.13023722672424232,-0.5895496630614969,-0.2678562584008606,1.0470509484844794,-0.057348706727122084,0.18382685263866974,-0.2031482881282396,0.1515487064258448,-1.7117910774915146,2.185517281792212,-0.49430115874782027,1.3110817680645122,-0.14048650213672478,-0.22848817764640472
Universidad ESAN,-0.4643282816197503,2.309247763874794,0.492338604119008,-0.48509407660526555,-0.373655295606091,1.1067992928720927,-0.8103390347556033,0.594580851797181,-1.1166424345324886,-0.04386779321901762,-0.8188700894221584,0.06288040570520341,-0.1495336127728011,-0.2678562584008606,-0.030481200454014312,-1.4414546534642987,1.9084274254830893,-0.00607409998962738,0.27008670416945785,-0.061820700632525344,0.7605338558829945,0.7767589637465749,-0.03720709776139966,-0.13959451004375964,-0.20780672644933884
Universidad Nacional Intercultural de Quillabamba,-0.4643282816197503,-0.5119880234458101,-0.7455754877305734,0.266992840615052,0.9042169368982088,-0.723239246976513,1.0411158132579368,-0.29078966545828283,0.24147015003311376,-0.6291699836781872,1.6445678894287155,-0.4631442917768147,-0.8185991138967085,-0.2678562584008606,-0.38447520863669343,0.48912678033415735,-0.6618117928529514,-0.17766455690341904,0.029186902303405236,-1.088468935122563,0.4000913342770138,1.4122890249937725,0.5919943729573593,-0.1387025179507945,-0.22559277447881548
Universidad Católica de Trujillo Benedicto XVI,-0.23294321510789487,0.7920584634132329,-0.5123452965125364,-0.4744356260512132,-0.6869866791692921,1.0542459346334496,-0.8559461510326664,-0.6034872608749969,1.056662802528206,0.843302849799803,0.39782793671760236,0.9075135581661674,1.0941647211482155,-0.2678562584008606,1.4394629110435766,-1.7079734360884475,1.552013193402669,-0.4502526060737411,-1.1079340015240917,-0.9380118662748851,-0.6114231241376837,-0.49430115874782027,0.4184215534487363,-0.13312756736976236,-0.21641633798470997
Universidad Nacional Autónoma de Tayacaja Daniel Hernández Morillo,-0.4643282816197503,-0.5119880234458101,-0.7455754877305734,-0.48509407660526555,2.9603638963175563,-1.5000338557346806,1.9011819280147508,-1.327054952595069,0.2479721851477311,0.17811689581339718,0.7583310555738279,-0.4631442917768147,-0.8085530853513043,-0.2678562584008606,0.13599660184378404,0.95049542924655,-0.6618117928529514,-0.624479311045273,-1.6838783554107464,-0.8318068765000538,-1.5391298070104913,-1.1298312199950178,-1.924811509917676,-0.1246536424865935,-0.24109620307987523
Universidad Nacional de Juliaca,-0.4643282816197503,-0.5119880234458101,0.6358648756377999,-0.48509407660526555,0.8892963948237705,-0.19179729887094496,0.5404078983863505,-1.0707156447243897,-0.45424760723089286,-0.6030541379096681,0.3527650468605743,-0.4631442917768147,-0.6257153658249514,-0.2678562584008606,-0.8043285671789435,0.5249612385021106,-0.6618117928529514,-0.1492403951526577,0.11978169958636545,1.0043140044148209,-0.21046259265538944,0.7767589637465749,-0.5091082008004685,-0.10391482632515393,-0.23630117032085182
Universidad San Pedro,3.223809445205581,-0.12978420541765823,-0.7455754877305734,-0.3098957956230304,2.564728877440519,-1.4082987037796528,1.8057627840308244,1.572669842112253,-0.1827876411956378,1.01228773418434,-0.45836697056593295,-0.3038400642873417,1.4980150686734561,1.2620150636194392,-1.1830198317464617,2.3435599905257143,-0.6618117928529514,-0.21504069603315593,0.029186902303405236,-2.37177922823511,-0.9481305292721008,-0.49430115874782027,-0.03720709776139966,-0.16367829655381852,-0.2417702651929648
Universidad Nacional de Frontera,-0.4643282816197503,-0.5119880234458101,0.9623871433430518,-0.48509407660526555,1.0962587526304934,-0.3326651762798521,0.686932888978617,-0.9616350881836753,0.066727956327785,0.5360576054642808,-0.69870238313675,-0.4631442917768147,-1.0396117418955961,-0.2678562584008606,-1.6998327894291858,0.6974145684353832,-0.6618117928529514,-0.1385215457420946,-0.06503168687087302,-0.24661738284073212,0.26524172336165086,0.1412289024993773,0.5668263141286091,-0.1277756148119715,-0.24094300714508216
Universidad Nacional José María Arguedas,-0.4643282816197503,0.5832753891798571,-0.12123620662382804,0.2676589937746804,0.8772636996024494,-0.8569548921990958,0.9230548384981635,-0.44532045389096164,-0.6631254852879604,-0.3372870015594413,1.088792247858701,0.20240524924464112,-0.40671194353514395,-0.2678562584008606,0.3857133052904807,-1.1032669545042444,1.6389434939100886,0.23262351581619217,0.24332005951767463,1.093158563168767,-0.3749572158274437,-1.1298312199950178,2.322298417433946,-0.12286965830066321,-0.2217781957024678
Universidad José Carlos Mariátegui,-0.4643282816197503,-0.5119880234458101,-0.7455754877305734,-0.48509407660526555,0.9817074941235165,-1.7764831780669508,2.1887331788680067,2.4944005448812887,1.4215895233360791,-0.5500543332617901,-1.0141426121359471,0.9946497631352418,2.814044808121381,-0.2678562584008606,-2.0282148280275893,-0.6083035010593967,0.787026548937376,-0.2082450343732037,0.029186902303405236,0.7081654752350025,0.26540627072436146,0.1412289024993773,-0.9810093038395378,-0.14271648236913764,-0.10363349079004402
Universidad César Vallejo S.A.C.,0.5804103520246878,-0.2315114573643146,-0.4369940039651706,-0.48509407660526555,-0.37124875656182676,1.2893366969317583,-1.0002069585473483,-0.7507460122049616,0.9160562931746162,0.5206953432475044,-0.41330408070890473,0.03401319669704393,0.16792088926196522,2.7918863856397387,1.095530748054718,-1.4100995025673397,1.1260547209163128,-0.10752362048462719,0.39627231467072394,-0.39181477600432363,0.13442134628029953,0.1412289024993773,1.0414239948993302,0.18709759400472395,-0.2349530460946727
Universidad Nacional Micaela Bastidas de Apurímac,-0.4643282816197503,0.02910407381330988,0.05458347598669219,-0.48509407660526555,1.2103287033286172,-0.40418749814309407,0.7432140111928652,-0.2853356376312469,-0.6444321343334372,-0.46940245662371577,0.5780794961457153,-0.23969071093587613,-0.5533839602980426,-0.2678562584008606,-1.7437390230022314,0.4801681657921697,-0.6618117928529514,-0.24982375374001617,-0.2638374180950679,-0.02129511242897106,0.3146261397459254,1.4122890249937725,-0.43459750032061556,-0.12643762667252378,-0.23476921097292103
Universidad Católica Santo Toribio de Mogrovejo,0.8117954185365432,-0.21746340828596683,1.2171462752889075,-0.48509407660526555,1.2671230247732528,0.8322157702406028,-0.6230587487668123,-0.03626836686328308,1.4093982074961726,0.3524785719738063,-0.6235975667083696,-0.3647819499712341,-0.7563137369152031,-0.2678562584008606,0.8613641689984762,0.5742336184830454,-0.46815040116697765,-0.16803736955182016,-0.18494625491086358,-2.37177922823511,0.8385795841690196,-0.49430115874782027,2.164998049754256,-0.10502981644136035,-0.22208458757205393
Universidad Privada de Pucallpa S.A.C.,-0.4643282816197503,-0.5119880234458101,-0.7455754877305734,-0.48509407660526555,-0.46221593243501424,1.3331829899000935,-1.0458140748244114,-1.9779022732879974,0.6088351340089682,0.03217540475402427,-1.0141426121359471,-0.4631442917768147,2.3157617922693423,-0.2678562584008606,-0.36709565784736276,1.2573279773096455,-0.6618117928529514,-0.15218082567859847,0.029186902303405236,-0.8318068765000538,1.3322216723031737,-1.1298312199950178,-1.924811509917676,-0.1777271720180195,-0.1663059477138933
Universidad Nacional del Altiplano,-0.4643282816197503,-0.5119880234458101,0.21963868823330301,0.788590764603988,-0.46558508709698415,0.05168956208087455,0.28293793699243397,0.17643871839111008,0.001707605181616351,-0.4263881224167425,0.5480375695743631,0.6840599773252289,-0.14149678993647807,-0.2678562584008606,-0.6451684704766519,0.46225093670819306,-0.6618117928529514,-0.11752295121284242,0.37179995384623615,1.7861461214495424,-0.9900901067635045,1.4122890249937725,0.3403137846698559,-0.14450046655506793,-0.2385684701557894
Universidad Católica de Santa María,0.18775690582275137,-0.45579582713241895,0.004349280955114938,-0.4697725539338153,-0.9671078239216471,0.6981891584012231,-0.3853195256204195,-0.5144048063667466,0.5828269935505006,0.4331304486118806,-0.69870238313675,-0.2541243154399559,-0.5473563431708,-0.2678562584008606,0.45157265565005,0.11958393047714429,-0.02577176080699771,-0.03064303060637731,0.3915660914352455,1.892759591954277,-0.9893728490286081,0.7767589637465749,-0.182407437158036,-0.06154520190930964,-0.22458168130918116
Universidad Inca Garcilaso de la Vega Asociación Civil,1.660207329080013,0.36867932912095813,-0.7455754877305734,-0.48509407660526555,0.3252036428482379,1.050514335231889,-0.8498005112506508,0.8691002524246462,1.5451281905138003,0.10975482894874347,-0.3381992642805245,-0.4631442917768147,3.665948028771641,-0.2678562584008606,-0.030481200454014312,-1.4414546534642987,1.9084274254830893,-0.15897648733855066,0.029186902303405236,0.7081654752350025,-0.6012098395555981,-1.7653612812422155,1.8503973143948764,-0.14940642306637622,0.12415354465378753
Universidad Señor de Sipán S.A.C.,-0.4643282816197503,0.26356116877607993,-0.035120443712552823,-0.48509407660526555,-0.08872107276520752,0.9279934882139876,-0.9038174503873142,-0.6743896226264613,0.8347808542419052,0.6151732558806778,-0.5635137135656654,-0.46207513588762367,-0.48105255477113384,-0.2678562584008606,0.9601531945378278,-0.767318909179687,0.9642677727497262,0.29736075908731197,0.6913801952013132,0.42346470432600075,-0.1602736083571489,1.4122890249937725,-0.0689315416631853,-0.11595671958018336,-0.23536667511861406
Universidad Nacional Toribio Rodríguez de Mendoza de Amazonas,3.8057779458263084,0.5818221427234762,0.2842255104167595,-0.24661124545834465,0.817581531304697,-1.7208201536603407,0.5656373669651514,-0.6852976782805331,-0.48675778280397747,-0.16522966473154874,0.7282891290024757,0.01957959219296409,-0.49712620044377986,-0.2678562584008606,-0.6808422852547512,0.2517234949714703,0.04522131794072836,0.2744896456855403,1.0692622373441407,0.9281615254828682,-0.40414478373696294,0.7767589637465749,-1.1158381904221288,-0.14026350411348348,-0.23417174682722802
Universidad Antonio Ruiz de Montoya,-0.4643282816197503,0.11290795279793636,0.9910923976468102,-0.48509407660526555,-0.493500940010449,0.9320360542323447,-0.6285574790980895,-0.1617110068851041,0.3731363611041061,1.033026788176988,0.09740867100408125,-0.23167204176694292,-0.44488685200767875,-0.2678562584008606,0.28875370615000506,0.4062595958207668,-0.5058201980535262,-0.4278684634743847,-1.0414788837679394,-0.6918093899786847,0.15284091577861952,-0.49430115874782027,0.13439330334371682,-0.05820023156069035,-0.2400851099102409
Universidad Católica San Pablo,-0.4643282816197503,-0.29690754790145085,1.2817330974723642,-0.48509407660526555,-0.5127532523645628,0.8567821329675426,-0.693571878897307,-1.0543535612432833,0.5039898177857709,0.11129105517042132,-0.6085766034226936,-0.25572804927374254,-0.655853451461163,-0.2678562584008606,-0.1621999011731513,0.2539631486069672,-0.22716029031585322,-0.1540010921946571,-0.1008225145766862,-0.14431921947547444,1.2875588167100838,0.7767589637465749,0.5021084485689647,-0.09164993504688321,-0.22511786708095693
Universidad Nacional Federico Villarreal,-0.4643282816197503,-0.5119880234458101,0.29498998078066885,-0.2292912633080096,0.65056772163276,-1.2820462573601907,1.6744401655309122,2.448950312989324,0.06428969315980357,-0.03465043588895161,-0.27811541113782023,-0.4631442917768147,-0.5734760173888501,-0.2678562584008606,1.095530748054718,-1.4100995025673397,1.1260547209163128,-0.3594485063071392,-0.6132125693394015,0.7081654752350025,-1.047316022906463,-1.1298312199950178,-0.03720709776139966,-0.1480684349269285,-0.13235772856374664
Universidad Nacional Amazónica de Madre de Dios,-0.4643282816197503,-0.5119880234458101,-0.4405821607531403,0.5307894918278473,-0.8944303447848678,0.437288166908788,-0.1139410110356257,-1.2179743960543545,0.1821390796122349,0.23879783156966275,0.6832262391454474,-0.4631442917768147,-0.7000559770609411,-0.2678562584008606,-0.6241300668895678,0.9325782001625733,-0.6618117928529514,0.0020429403264268105,0.45745321673194345,0.19484135798998414,-0.051245830048935445,1.4122890249937725,-0.14207400954785923,-0.09900886981384563,-0.24114216186031318
Universidad Privada Antenor Orrego,-0.4643282816197503,-0.49600231242562126,-0.3580545546298349,-0.4797648513282394,-0.6826549088896166,0.905603891804625,-0.6036514652446577,-0.29078966545828283,0.4056465366771904,0.6074921247722896,-0.7888281628508063,-0.3786809765307183,-0.7643505597515262,0.2421008489392393,-0.5683325617238224,0.6884559538933949,-0.6618117928529514,-0.17752924505620757,-0.06935224968900112,0.08127407541365284,-0.11416906154791819,2.04781908624097,0.12983754048251891,-0.11997068399852649,-0.24189282194079928
Universidad Católica Los Ángeles de Chimbote,-0.4643282816197503,-0.5119880234458101,-0.7455754877305734,-0.48509407660526555,0.6380537186025862,0.0003800703094183642,0.34051287810815906,1.3254205806199673,0.8412828893565218,-0.11760665185954301,-0.8789539425648627,-0.3535558131347276,-0.9130317822235059,-0.2678562584008606,1.095530748054718,-1.4100995025673397,1.1260547209163128,-0.3427207237595645,-0.6955714759602741,0.11586841687536581,-0.40016671562745726,-0.49430115874782027,-0.6180084553479458,9.829309120934678,-0.1897296061437553
Universidad Femenina del Sagrado Corazón,1.484915612025577,-0.10750109308648588,-0.3831716521456235,-0.46844024761455877,-0.45018323721369313,0.6953904588500526,-0.3824084330920963,0.6473031207918607,2.543190580607492,3.795929647864171,-0.8789539425648627,0.09923170593770059,-0.05711015015508406,-0.2678562584008606,1.5245312385913525,0.014320209608783233,0.6286202235683,-0.23678681334500273,-0.14211962346800935,-0.5238124061530423,-0.6006613483465599,0.1412289024993773,1.4728764319636218,-0.15966433213547535,-0.2105182944951764
Universidad de Lima,-0.050639829371281544,-0.07698291750248891,0.07970057350248075,-0.48043100448786763,-0.5854307315013422,-0.3205374782247806,0.6720539716116319,-0.2362493871879262,-0.1957917114248716,-0.11760665185954301,-0.8789539425648627,-0.3535558131347276,-0.9130317822235059,-0.2678562584008606,0.5860354959675025,0.3211527576718787,-0.3536921721655418,-0.5089530628260864,-1.4269185667536237,-0.5238124061530423,-1.1513465222206611,-0.49430115874782027,-0.7922488626239099,-0.13357356341624493,-0.22799795065506687
Escuela de Postgrado Gerens S.A.,-0.4643282816197503,4.332166831156876,-0.7455754877305734,-0.48509407660526555,0.6380537186025862,0.0003800703094183642,0.34051287810815906,1.9744498920372173,0.8412828893565218,-2.272163927762392,-1.0141426121359471,4.882635154178654,2.5207007745955847,-0.2678562584008606,0.8613641689984762,0.5742336184830454,-0.46815040116697765,-0.4502526060737411,-1.1079340015240917,-0.9380118662748851,-0.6114231241376837,-0.49430115874782027,0.4184215534487363,-0.1618943123678882,3.921237345248125
Universidad Nacional Hermilio Valdizán de Huánuco,-0.4643282816197503,-0.5119880234458101,4.033849353845201,1.63527143049152,-0.2923142759099604,-1.098575953450135,1.1255374965793088,0.7654737237109676,-0.11126525493485212,0.07903030451519136,3.0715594015679413,1.2501780206519129,0.5798080596235297,-0.2678562584008606,0.1945382466078449,-0.5411138919944852,-0.09193537841542263,-0.05364373160929221,0.3146977785890979,0.19484135798998414,0.010357858521715916,0.1412289024993773,0.5919943729573593,-0.13446555550921005,-0.22438252659395014
Universidad Continental S.A.C.,0.6435153701642848,0.3410676464497228,-0.10688357947194883,-0.48509407660526555,-0.2653610386142012,1.2333627059083516,-0.9643034840313625,-0.7398379565508898,0.15125441281780447,-0.27430172647065926,-0.41330408070890473,-0.2006665209804012,0.1618932721347233,1.2620150636194392,0.3655896149028346,0.551837082128075,-0.6618117928529514,0.36169111925484204,0.9612959395890469,0.6175788663094113,0.1961995858192796,0.7767589637465749,0.0738284558948523,-0.08964295283771165,-0.23878294446449974
Pontificia Universidad Católica del Perú,1.772394027994852,0.8434065048720214,4.163022998212114,-0.48509407660526555,-0.19316486728627466,0.33591304983306264,-0.06736353058245485,-0.35078397155567537,0.21627476396397372,-0.1575485336231606,-0.6085766034226936,0.5969237723561547,-0.22789263542695248,-0.2678562584008606,-0.23812109672654122,0.23828557315848814,-0.39184491516602044,0.35021273275357856,1.619890355895119,0.2681733747392723,-0.15223060701453398,0.1412289024993773,-1.1158381904221288,-0.15788034794954506,-0.23728162430352756
Universidad Privada del Norte S.A.C.,-0.4643282816197503,-0.13995693061232387,-0.5769321186959928,-0.48509407660526555,-0.5897625017810177,1.0545569012502465,-0.9015532673097295,-1.259788609394961,0.26747829049158134,0.16429085981829872,-0.6386185299940457,-0.3968566266469669,-0.28415039528121516,0.7520579562793392,1.3882389718750225,0.3211527576718787,-0.6618117928529514,-0.49493701065243517,-1.362678619589343,1.093158563168767,-2.5284708253126924,-0.49430115874782027,0.19874345375813515,-0.03879940353869849,-0.23594881967082776
Universidad Científica del Sur S.A.C.,-0.4643282816197503,-0.23877768964621865,0.5174557016347965,-0.48509407660526555,-0.5849494236924894,1.060465266969384,-1.014762421188964,-0.9507270325296047,0.5186193967936589,1.1490118679136478,-0.5334717869943133,-0.2760420111683733,-0.6337521886612744,-0.2678562584008606,1.1211427176389968,0.8071575965747387,-0.6618117928529514,0.12049509842698165,0.7572396368319201,0.4001710048879916,0.7878441473330089,0.7767589637465749,0.6234544464932974,-0.14405447050858533,-0.23711310877525515
Universidad Católica Sedes Sapientiae,-0.4643282816197503,-0.21843223925688737,-0.3580545546298349,-0.45644949074124996,0.11679736161495667,0.4581229302341673,-0.5137310515920086,-0.5271308712964966,0.6478473446966693,0.8087377598120565,-0.35322022756620053,-0.3428642542428167,-0.40269353211698244,1.771972170959539,-0.07438743402705997,0.3211527576718787,-0.6618117928529514,-0.1653724041949762,-0.021197369982304367,0.3458190395326369,-0.5478126071463155,0.7767589637465749,0.4069351168636066,-0.11261174923156407,-0.23810888235141017
Universidad Nacional del Callao,3.350019481484776,0.4878455385441842,-0.5231097668764457,0.9557952076706839,0.3006569445967429,-0.9614396754427884,1.3331954302663622,1.76719683460986,-0.6834443450211382,-0.7436188371931693,-0.48840889713728514,0.6177723121953811,0.3286573459884295,-0.2678562584008606,-0.6451684704766519,0.46225093670819306,-0.6618117928529514,0.010915054160253195,0.5186341187931635,1.5881496762264635,-0.0648637930034891,-0.49430115874782027,1.3110817680645122,-0.14762243888044593,-0.2341257880467901
Universidad Ricardo Palma,0.44718864706331657,-0.05421538968585635,-0.04588491407646224,-0.24661124545834465,-0.17054340027019108,-0.05466102086359842,0.397764364498515,1.2090679869765386,0.37557462427208754,0.2764353740007644,-0.8338910527078345,-0.17607593552900602,-0.4428776462985983,-0.2678562584008606,-0.6204712140918145,0.5697543112120517,-0.38653250791278915,0.16891418775414074,1.5281190028032887,-1.2167999644338177,3.0448854725241703,-1.1298312199950178,-1.924811509917676,-0.09521790341874378,-0.22000112285886808
Universidad Privada San Juan Bautista S.A.C.,-0.4643282816197503,-0.27220235814297716,-0.14276514735164686,-0.48509407660526555,-0.16621162999051547,1.0138202744498783,-0.8478597828984353,-0.34896596227999716,0.6015203445050239,0.8425347366889637,-0.6085766034226936,-0.26535045227646237,-0.40269353211698244,0.2421008489392393,0.5860354959675025,-0.1446951985115071,0.14953767854963193,0.3439024754979087,1.3139858455890192,0.7081654752350025,-0.0691733667887871,-1.1298312199950178,-1.924811509917676,-0.14026350411348348,-0.22081306131327139
Universidad Nacional de Cañete,2.7259809687709833,0.42390269446342876,-0.7455754877305734,-0.1067190819364078,1.0365765843327408,-0.8224375977346616,0.7920556747236207,-0.03808637613896129,-0.0559979564606086,-0.37646077021222024,0.3828069734319265,0.032944040807852765,-0.448905263425841,-0.2678562584008606,1.3964713906699688,-0.5187173556395147,0.8763715800144463,-0.4579856003764453,-1.202078751678641,0.5156689312681209,-1.5847231387617704,-0.49430115874782027,-0.5091082008004685,-0.12509963853307607,-0.222038628791616
Universidad Nacional Tecnológica de Lima Sur,-0.4643282816197503,-0.5119880234458101,0.5174557016347965,-0.4384633554312866,1.5920057957489224,-1.075564423807179,1.4596662278857355,0.02736195778546718,-1.039430767546413,-1.8788900150129235,-0.3081573377091724,-0.2760420111683733,-0.47703414335297156,-0.2678562584008606,-0.6780981456564374,0.551837082128075,-0.6618117928529514,0.2462517720799005,0.9415803547815955,-0.26268665955448933,1.2004049263050314,0.7767589637465749,-1.0630790608898104,-0.14316247841562021,-0.2296065079703942
Universidad Nacional Santiago Antúnez de Mayolo,0.15269856241186416,-0.001898517256147338,0.13711108210999762,0.788590764603988,1.4461695296665105,-1.3781349419503723,1.5929295747378633,0.5545846477322527,-0.2185488343260308,-0.5185616957173994,-0.39828311742322875,-0.027463266931443985,-0.44086844058951724,-0.2678562584008606,1.095530748054718,-1.4100995025673397,1.1260547209163128,-0.12315153184858552,0.21538964770711766,0.23947823775042043,0.21985765293034118,0.7767589637465749,-0.07824197628653579,-0.14717644283396336,-0.04019505419222935
Universidad de Ingeniería y Tecnología,-0.4643282816197503,0.10951704439971446,1.1597357666813908,-0.48509407660526555,-0.8496687185615533,0.9615778828280317,-0.8310401371792348,-1.5743042140873547,-1.239368347320882,-1.6515285342046373,-0.728744309708102,-0.16752268841547727,-0.7362216798243956,-0.2678562584008606,0.06739311188590089,0.135261505925624,-0.48360467681274116,0.76693241382993,2.384651631660365,0.7081654752350025,0.908969289328889,0.1412289024993773,0.9065951083167388,-0.13357356341624493,-0.23311469487715578
Universidad Peruana de Ciencias Aplicadas S.A.C.,-0.4643282816197503,-0.13462836027226088,-0.06382569801631126,-0.48509407660526555,-0.592169040825282,1.104622526554516,-0.9730367616163319,-1.0179933757297115,0.4088975542344988,-0.15370796806896678,-0.69870238313675,-0.24824395804940488,-0.46899732051664855,-0.2678562584008606,1.0379038164900969,-0.6486172664983432,0.5252697551872567,-0.11310577113387378,0.35038663812480875,-0.061820700632525344,-0.16470225236289618,0.7767589637465749,0.9065951083167388,-0.023189541911808505,-0.2385378309688308
Universidad Privada Norbert Wiener S.A.,-0.4643282816197503,-0.3472867583893188,-0.08894279553209981,-0.48509407660526555,-0.24562741845123462,0.959090149893658,-0.80322303079748,-0.5107687878153901,1.1062408202771599,1.6167927524144796,-0.6386185299940457,-0.24610564627102272,0.3487494030792378,-0.2678562584008606,0.8348374862147612,-1.4123391562028367,-0.22184788306262204,1.111812243072502,1.7422521600175573,-0.061820700632525344,0.4555498898575183,-0.49430115874782027,0.9065951083167388,-0.1326815713232798,-0.22404549553740538
Facultad de Teología Pontificia y Civil de Lima,-0.4643282816197503,0.7799480762767262,0.05099531919872247,-0.18932207373031334,-0.2485152653043516,0.08931652271327581,0.24800482665255594,0.21643492245603846,-0.4745664669640707,0.198087836695206,0.3828069734319265,1.483788582440167,2.944643179211634,-0.2678562584008606,1.7870539268301868,-3.154789684619541,2.7366800108732265,-0.6074901568953928,-1.6838783554107464,-2.37177922823511,0.10085890801297778,-1.7653612812422155,1.8503973143948764,-0.1634552985305772,-0.20460493141216346
Universidad Nacional de Moquegua,-0.4643282816197503,-0.29254780853230844,0.41698731157164215,-0.3338773093696481,-0.2408143403627061,0.38722254160451863,-0.10359045982380996,-0.49077068578292593,-0.06412550035387983,-0.42715623552758114,0.5029746797173349,-0.2455710683264271,-0.6498258343339212,-0.2678562584008606,-1.3339475096538054,0.5899111939315246,-0.6618117928529514,0.5613636486163776,1.5281190028032887,2.2481378269700594,0.000759262363551476,-1.1298312199950178,-0.5091082008004685,-0.1558733657403735,-0.228503497239884
Universidad Nacional Daniel Alcides Carrión,-0.4643282816197503,-0.08182707235709158,-0.41187690644938185,0.6666847363920144,-0.5252672553947366,0.21432510266555088,0.11797602705412061,-0.17625508109053237,-0.059248974017916976,0.13433444849558526,0.5179956430030109,-0.14186294707489105,-0.6076325144432241,0.2421008489392393,1.095530748054718,-1.4100995025673397,1.1260547209163128,-0.3889282780151006,-0.9057606855335434,0.2960601980101288,-0.9090988133049989,2.04781908624097,-0.0903790530334069,-0.10369182830191263,-0.01306405414037476
Universidad Nacional de San Agustín de Arequipa,-0.4643282816197503,-0.5119880234458101,0.40263468441976297,1.4860531227347875,0.47152121673950226,-1.6835041596447362,1.8067331482069322,1.1399836345007524,0.11549321968741177,-0.14295438451722345,-0.3081573377091724,-0.4631442917768147,-0.6719270971338098,-0.2678562584008606,-0.5198527621535854,0.8429920547426913,-0.6618117928529514,0.09189668894134966,0.8143418120890589,0.7081654752350025,1.3681783182289942,1.4122890249937725,0.27739363759798025,-0.13847951992755322,-0.24092768755160288
Universidad Nacional de Jaén,-0.4643282816197503,4.332166831156876,-0.7455754877305734,0.34759737293007287,1.5833422551895708,-1.7764831780669508,-0.2371772614013068,-0.1635290161607823,-1.626239436640587,-0.9179805133535779,0.983645504858969,-0.4091519193726645,-0.690009948515537,-0.2678562584008606,-1.3321180832549293,0.24948384133597337,-0.34934565714017085,-0.1249981790387898,0.8857195311604816,0.7081654752350025,0.6264963166743454,-1.1298312199950178,-0.03720709776139966,0.42793545910531244,-0.2309546321965733
Universidad Peruana Los Andes,0.1737335684583965,-0.3356607867382723,-0.6379307840914793,0.10045455070798436,-0.3019404320870174,0.5887289092887832,-0.45777338410312973,-0.35441999010703307,0.6088351340089682,0.6873758882995253,-0.5184508237086372,-0.3546249690239187,-0.3102700694992654,-0.2678562584008606,-0.1475644899821361,0.30771483585889653,-0.09917957012437427,-0.3178250786399322,-0.5061459907322667,1.093158563168767,-0.9979518140930479,0.1412289024993773,0.43469400527767,-0.05440926516558849,-0.22271269090470558
Universidad Le Cordon Bleu S.A.C.,-0.4643282816197503,-0.07165434716242598,-0.20017565595916365,-0.48509407660526555,-0.2581414214814086,-0.03320432430462566,0.03226052483127158,-0.008998227728104767,-0.17953662363832945,-0.5208660350499159,-0.728744309708102,-0.42786214743350864,-0.7543045312061227,-0.2678562584008606,0.7808694074478917,0.17557527136457052,-0.6618117928529514,0.09391920729252587,1.2528049435277997,0.2681733747392723,1.4940265789693685,0.1412289024993773,-1.1158381904221288,-0.14383147248534406,-0.2270940946397877
Asociación Civil Universidad de Ciencias y Humanidades,-0.4643282816197503,-0.20293094372215878,0.7829793039445617,-0.48509407660526555,0.6231331765281479,1.1347862883837962,-0.8394499600388351,-1.2143383775029968,0.643783572750034,1.7105025519368138,-0.7738071995651302,-0.29795970689679074,0.12974598078943045,-0.2678562584008606,0.8448993314085834,-0.3932967520516794,0.23163851791775045,0.06648602934728115,0.18115236871353205,0.012694090580461111,0.38103175624252333,0.1412289024993773,-0.09809756266966639,0.10882528784703267,-0.23718970674265172
Universidad Privada de Tacna,-0.1347798535574108,0.05574692551362469,-0.12841252019976765,-0.48509407660526555,-0.5146784835999741,0.8617575988362898,-0.80322303079748,-0.19625318312299653,0.43084192274633104,0.1266533173871971,-0.5785346768513415,-0.03975855965714158,-0.43082241204411376,-0.2678562584008606,1.1238868572373122,-3.170467260068021,4.1676493464481394,-0.25026487563724115,-0.25632397398228635,0.6055006517859991,-0.8617431638486239,2.04781908624097,0.4661540788136076,-0.1514134052755478,-0.2385684701557894
Universidad de San Martín de Porres,0.9450171234979144,-0.04646474191849204,0.040230848834812975,-0.4817633108071242,-0.3895384532982348,1.0878303292474938,-0.9491011119390079,0.04554205054225315,0.14150136014587936,0.6858396620778475,-0.69870238313675,0.008888033301053191,-0.32433450946283104,0.7520579562793392,-0.030481200454014312,-1.4414546534642987,1.9084274254830893,-0.2337287655980243,0.029186902303405236,-2.37177922823511,2.0653715883838997,-1.1298312199950178,-0.03720709776139966,-0.14762243888044593,-0.23755737698615506
Universidad Nacional de Piura,-0.4643282816197503,-0.5119880234458101,-0.6199900001516303,1.9350403523242419,0.4902922212847632,-1.19528657127391,1.5731988364903395,1.5254016009446103,-1.0955108204099835,-0.3841419013206084,-0.03777999856700325,-0.4631442917768147,-0.8407003766965971,-0.2678562584008606,-1.9157051044966606,0.7847610602197682,-0.6618117928529514,-0.47157692369634974,-1.2556120409822085,0.7081654752350025,-1.5039349544305562,0.1412289024993773,-0.9810093038395378,-0.08273001411723178,-0.23994723356892714
Universidad Nacional de San Martín,-0.4643282816197503,-0.5119880234458101,-0.37599533856968387,0.7819292330077052,1.1116606025137845,-1.0730766908728055,1.3238152432306545,0.9272765492463606,-0.009670956268963249,-0.06767929965502022,-0.3682411908518766,-0.4631442917768147,-0.830654348151193,-0.2678562584008606,-0.41374603101872387,0.9975281555919879,-0.6618117928529514,-0.14999650585932833,0.1515487064258448,0.7631644877969694,0.032199562024476686,1.4122890249937725,-0.1046215410526948,-0.14115549620644863,-0.23251723073146274
Universidad Nacional Autónoma de Chota,-0.4643282816197503,-0.5119880234458101,0.8152727150362898,-0.48509407660526555,2.760621155643626,-1.505942221453818,1.9073275677967663,-0.5325848991235325,-0.6988866784183534,-0.1951860760542622,1.524400183143307,-0.4631442917768147,-0.6598718628793245,-0.2678562584008606,-0.43295500820693206,0.5428784675860867,-0.6618117928529514,-0.1338325391967277,0.07201353374625946,-0.061820700632525344,0.2686972179785898,1.4122890249937725,-0.6034884214082826,-0.13357356341624493,-0.22930011610080805
Universidad Nacional José Faustino Sánchez Carrión,-0.4643282816197503,-0.5119880234458101,-0.4369940039651706,1.1423180923665996,-0.290870352483402,-0.704270283351914,1.0640810987591531,1.3654167846848957,-0.1202055532174503,-0.03695477522146811,-0.15794770485241183,-0.4631442917768147,-0.663890274297486,-0.2678562584008606,-0.29574802829116414,0.8429920547426913,-0.6618117928529514,-0.23050429348386334,-0.17620612604497474,0.6924514716458695,-0.5685802094669111,1.4122890249937725,-0.2490810623911853,-0.10012385993005206,-0.23316065365759364
Universidad Nacional Intercultural de la Selva Central Juan Santos Atahualpa,-0.4643282816197503,-0.5119880234458101,0.11917029817014867,-0.48509407660526555,-0.26487973080534827,0.5464374494044314,-0.22747361964022952,-0.9398189768755328,-0.6834443450211382,-0.15217174184728893,-0.11288481499538362,-0.4631442917768147,-0.6458074229157589,-0.2678562584008606,1.095530748054718,-1.4100995025673397,1.1260547209163128,-0.11771711297455542,0.1515487064258448,1.3681536259785985,-0.03926753658171771,0.1412289024993773,-1.1158381904221288,-0.1436084744621028,1.0095341301969176
Universidad Nacional Autónoma de Huanta,-0.4643282816197503,-0.5119880234458101,-0.013591502984734003,-0.48509407660526555,0.9326140976205264,-0.31680587882322025,0.14223513145681374,-0.19261716457164013,-0.6517469238373811,-0.1951860760542622,1.524400183143307,-0.4631442917768147,-0.6598718628793245,-0.2678562584008606,-0.43295500820693206,0.5428784675860867,-0.6618117928529514,-0.5038563165811224,-1.362678619589343,1.093158563168767,-2.029343825088158,-1.1298312199950178,0.9065951083167388,-0.13647253771838164,-0.22930011610080805
Universidad María Auxiliadora S.A.C.,-0.4643282816197503,-0.027572537985541542,-0.7455754877305734,-0.48509407660526555,0.16348421907368244,1.2087963431814117,-0.9164321846767146,-0.5962152237722828,1.5028649622687902,2.093022881134539,-0.8188700894221584,-0.39311458103479807,1.4216652517283852,-0.2678562584008606,1.0068035677091904,-1.4772891116322513,-0.3218177286461546,-0.1853096762708652,-0.07787967630372888,-0.061820700632525344,0.7240820442823475,-0.49430115874782027,0.19874345375813515,-0.07715506353619964,-0.23104654975744915
Universidad Peruana Unión,-0.2750132272009595,-0.4025101237317894,-0.5051689829365967,-0.19265283952845474,0.2669653979770438,1.0060461090299606,-0.7142729813209385,-1.4052293514492475,0.7990196611115125,0.6374485360950032,-0.45836697056593295,-0.12742934257081126,-0.26807674960856837,0.7520579562793392,1.3004265047289312,-1.8109975033213117,-0.16824086441637986,0.7006747126453966,1.7422521600175573,0.7081654752350025,0.04738101513177749,-1.1298312199950178,-0.03720709776139966,-0.13022859306762563,-0.22006240123278528
Universidad Nacional de Huancavelica,-0.4643282816197503,-0.5119880234458101,-0.3724071817817141,3.0535115073401085,-0.3717300643706797,-0.9990666360751898,1.3800963654449023,0.24915908941825268,-0.5257699934916789,-0.0069983638987546545,0.29268119371787005,0.6669534830981715,0.39697034009717674,-0.2678562584008606,-1.9385729344826206,0.5988698084735129,-0.6618117928529514,0.04149553163003788,0.8857195311604816,0.5156689312681209,0.4656055620232136,0.7767589637465749,-0.5091082008004685,-0.09164993504688321,-0.241632388851651
Universidad Andina Néstor Cáceres Velásquez,-0.4643282816197503,-0.5119880234458101,-0.7455754877305734,1.1136735065025842,1.174230617664654,-1.7764831780669508,2.1887331788680067,1.399958960922788,-1.5043262782415203,-0.5293152792691427,-1.0141426121359471,-0.4631442917768147,1.1845789780568514,-0.2678562584008606,1.095530748054718,-1.4100995025673397,1.1260547209163128,-0.45458776954646923,-1.2556120409822085,0.7081654752350025,-1.3800673563894859,-1.1298312199950178,-1.924811509917676,-0.16033332620519922,3.6335506993001987
Universidad Nacional Pedro Ruiz Gallo,-0.4643282816197503,-0.5119880234458101,-0.13558883377570727,0.8019138277965534,-0.5498139536462318,0.06101856058477582,0.1487042259641987,0.356421636683289,-0.19497895703554466,-0.8319518449396318,-0.022759035281327177,-0.24343275654804494,-0.6920191542246175,-0.2678562584008606,-1.8370397693449536,0.5675146575765541,-0.6618117928529514,-0.6057912414804046,-1.6838783554107464,1.093158563168767,-2.160981715257266,-0.49430115874782027,2.322298417433946,-0.09053494493067678,-0.2355045514599278
Universidad Alas Peruanas S.A.,-0.4643282816197503,-0.5119880234458101,-0.7455754877305734,-0.48509407660526555,-1.4248315501407014,1.3331829899000935,-1.0458140748244114,-0.15625697905806818,0.7445651170265959,-0.06153439476830991,0.022303854575700877,-0.4631442917768147,1.9219574732895053,7.891457459040737,-1.8022806677662924,1.0669574182923962,-0.6618117928529514,-0.25921249682284486,-0.18494625491086358,0.7081654752350025,-0.3502751114207358,0.1412289024993773,-0.03720709776139966,-0.1259916306260412,-0.157788253739398
Universidad Peruana Cayetano Heredia,0.615468695435575,-0.011102411479892417,2.577057697929462,-0.48509407660526555,-0.4588467777730443,0.40028313950998023,-0.07544989871668589,-0.5125867970910684,1.1103045922237957,1.3679241045027069,-0.45836697056593295,0.1532240783418508,-0.2781227781539725,-0.2678562584008606,0.42138712006858164,0.5227215848666131,-0.6618117928529514,0.1750302832480976,0.8857195311604816,-0.9858041116735592,0.3885425471533819,0.1412289024993773,0.3403137846698559,-0.16033332620519922,-0.2380935627579309
Universidad Jaime Bausate y Meza,1.5550322988473515,0.5125507283026578,-0.40111243608547253,-0.4211433732809516,-0.6378932826663021,1.0340331045416638,-0.7660257373800172,0.1800747369424678,0.01471167541084985,-0.514721130163205,-0.4433460072802569,0.06608787337277672,0.6119553509688226,-0.2678562584008606,0.08751680227354702,1.4947312626723332,1.07051591781435,-0.024762169554495606,0.8857195311604816,1.093158563168767,0.7624764289150039,-1.1298312199950178,0.9065951083167388,-0.15721135387982121,-0.22934607488124598
Universidad Nacional de San Cristóbal de Huamanga,-0.4643282816197503,-0.5119880234458101,-0.11047173625991863,0.9557952076706839,-0.3154170507348969,-0.21076626249554392,0.5601386366338742,-0.04717642251735363,0.2691037992702358,-0.5216341481607545,-0.20301059470943988,-0.4631442917768147,-0.23592945826327552,0.2421008489392393,1.095530748054718,-1.4100995025673397,1.1260547209163128,-0.47327583911133764,-1.0414788837679394,1.093158563168767,-2.3796925848611483,-0.49430115874782027,-1.924811509917676,-0.08317601016371434,-0.10560971834887475
Universidad Nacional Mayor de San Marcos,0.7697254064434786,-0.11234524794108854,2.6416445201129184,0.4668387885035333,0.4691146776952382,-1.7419658836025167,2.152829704352021,1.5453997029770745,-0.21367230799006823,-0.32192473934266497,-0.09786385170970754,0.45044941553697493,-0.06514697299140781,-0.2678562584008606,0.5467028283916482,-0.9935239263648888,1.8253606938871105,-0.15829692117255534,-0.39907941212513237,-0.061820700632525344,-0.057380805794471156,0.7767589637465749,-0.7922488626239099,-0.15163640329878908,-0.2383693154405584
Universidad Nacional de la Amazonía Peruana,-0.4643282816197503,-0.5119880234458101,0.15505186604984655,1.6952252148580642,-0.17776301740298364,-0.7241721468269029,0.9227313837727943,0.8691002524246462,-0.07225304424715076,-0.15370796806896678,-0.022759035281327177,-0.2006665209804012,-0.2921872181175382,-0.2678562584008606,-1.1436871641706075,0.8004386356682474,-0.6618117928529514,-0.07955219168785983,-0.39907941212513237,1.093158563168767,-1.8085761134503837,0.1412289024993773,-1.2169598553590721,-0.14137849422968993,-0.23967148088629958
Universidad Científica del Perú,-0.4643282816197503,-0.5119880234458101,-0.7455754877305734,-0.17266824473960657,0.5302407694195491,0.31290152019010625,0.015440879112071131,1.167253773635932,-0.35671708051163964,0.9861718884158207,-0.5334717869943133,-0.4631442917768147,0.8470324189312767,-0.2678562584008606,-1.0513011310273248,0.5339198530440984,-0.6618117928529514,-0.22557397160608172,-0.2705995177965709,-0.9858041116735592,0.8862983193553202,0.1412289024993773,-0.22596753897702704,-0.16858425306512678,-0.2189900296892337
Universidad de Ciencias y Artes de América Latina S.A.C.,-0.4643282816197503,0.21705728217189413,-0.7455754877305734,-0.48509407660526555,-0.18257609549151216,0.8148016396999872,-0.7152433454970463,-1.0434455055892116,0.5039898177857709,1.1420988499160982,-0.5184508237086372,-0.33484558507388346,-0.690009948515537,-0.2678562584008606,0.19819709940559832,0.3883423667367902,-0.6618117928529514,-0.621081480215297,-1.6838783554107464,-0.8318068765000538,-0.29862552256966257,-1.1298312199950178,-0.03720709776139966,-0.14717644283396336,-0.23746545942527922
Universidad Nacional del Centro del Perú,-0.4643282816197503,-0.5119880234458101,0.3524004893881857,1.7012205932947189,0.8647496965722756,-1.2487728293629434,1.5993986692452482,1.087261365506074,-0.5509653795608191,-0.219765695601104,-0.3682411908518766,-0.4631442917768147,-0.8145807024785462,-0.2678562584008606,-0.49515550576874634,0.594390501202519,-0.6618117928529514,-0.18914090389037905,-0.023253870891925436,0.048177324491407526,0.30122610478398315,1.4122890249937725,-0.19129725385578933,-0.14516946062479177,-0.23077079707482165
Escuela de Posgrado Newman S.A.C.,-0.4643282816197503,4.332166831156876,-0.34370192747795564,-0.48509407660526555,0.08936281651034457,0.8092042405976467,-0.5007928625772389,-1.2943307856328548,0.8282788191272884,-0.46940245662371577,-0.69870238313675,4.882635154178654,2.936606356375311,-0.2678562584008606,0.8613641689984762,0.5742336184830454,-0.46815040116697765,0.4880362671565713,0.7199390223494347,0.012694090580461111,0.2594790270137912,1.4122890249937725,0.26724522677993556,-0.11930168992880263,-0.14763136326261678
Universidad San Ignacio de Loyola S.R.L.,1.470892274661222,0.07899886881571751,-0.16070593129149588,-0.48509407660526555,-0.6186409703121883,0.9084025913557954,-1.0299647932813185,-1.0707156447243897,0.291860922171395,0.12050841250048679,-0.6686604565653979,0.031874884918661694,0.039331723880794506,-0.2678562584008606,0.8467287578074609,0.05911328231872421,-0.2947727462660685,6.730125520437943,3.24118426051744,0.7081654752350025,0.7480785346777581,0.1412289024993773,-0.9810093038395378,-0.0996778638835695,-0.22476551643093284
"Escuela Nacional Superior de Arte Dramático ""Guillermo Ugarte Chamorro""",-0.4643282816197503,-0.5119880234458101,-0.7455754877305734,-0.48509407660526555,-1.1957290331267478,-1.7764831780669508,-0.8918496255486523,-1.1234379137190682,0.8412828893565218,1.2511709116552088,-0.713723346422426,-0.4631442917768147,0.015221255371824689,-0.2678562584008606,-0.6762687192575599,0.6190266911929865,-0.6618117928529514,-0.3594485063071392,-0.6132125693394015,0.7081654752350025,-1.047316022906463,-1.1298312199950178,-0.03720709776139966,-0.1262146286492825,-0.24106556389291664
Escuela Nacional Superior de Folklore José María Arguedas,-0.4643282816197503,-0.5119880234458101,-0.7455754877305734,-0.48509407660526555,-1.4248315501407014,0.08931652271327581,-1.0458140748244114,0.1055363566396457,0.028528500029410875,-0.3756926571013816,-0.23305252128079204,-0.4631442917768147,0.8590876531857613,-0.2678562584008606,0.1460584470376079,-0.7359637582827282,-0.6618117928529514,-0.47497475452632565,-1.2556120409822085,0.7081654752350025,0.11639949226905252,-1.7653612812422155,-0.03720709776139966,-0.14896042701989362,-0.2231110003351676
Escuela Superior de Guerra Naval,-0.4643282816197503,4.332166831156876,-0.7455754877305734,-0.48509407660526555,-1.4248315501407014,-1.7764831780669508,-1.0458140748244114,1.9435437343506814,-2.642182423299476,-3.455826231564991,-1.0141426121359471,4.882635154178654,2.679428025612968,-0.2678562584008606,-0.49515550576874634,0.3211527576718787,-0.3536921721655418,-0.15218082567859847,0.029186902303405236,-0.8318068765000538,1.3322216723031737,-1.1298312199950178,-1.924811509917676,-0.17215222143698736,4.05220454990273
Conservatorio Regional de Música Luis Duncker Lavalle,-0.4643282816197503,-0.5119880234458101,-0.7455754877305734,-0.48509407660526555,-1.4248315501407014,0.4447513657119092,-1.0458140748244114,0.1309884864991458,-1.4807564009510343,-1.7383253157294223,3.4771254102811953,-0.4631442917768147,-0.37858306360801264,-0.2678562584008606,2.0129880870914842,0.6190266911929865,-0.6618117928529514,-0.6074901568953928,-1.6838783554107464,-2.37177922823511,0.10085890801297778,-1.7653612812422155,1.8503973143948764,-0.1262146286492825,-0.24014638828415813
Instituto Superior de Música Público Daniel Alomía Robles de Huánuco,-0.4643282816197503,-0.5119880234458101,-0.7455754877305734,-0.48509407660526555,-1.4248315501407014,0.4851770258954807,-1.0458140748244114,-1.852459633266175,-2.642182423299476,-2.9388861079704753,1.8248194488568281,-0.4631442917768147,0.5034582426784594,-0.2678562584008606,-0.613153508496306,0.6190266911929865,-0.6618117928529514,0.06648602934728115,0.18115236871353205,0.012694090580461111,0.38103175624252333,0.1412289024993773,-0.09809756266966639,-0.16880725108836808,-0.19665406239640257
Escuela Superior de Formación Artística Sérvulo Gutiérrez Alarcón de Ica,-0.4643282816197503,-0.5119880234458101,-0.7455754877305734,-0.48509407660526555,-1.4248315501407014,-0.5326167108801331,-1.0458140748244114,1.2581542374198607,-2.642182423299476,1.2158377085566232,3.852649492423097,-0.4631442917768147,0.1860037406436924,-0.2678562584008606,-0.41374603101872387,0.9975281555919879,-0.6618117928529514,-0.4502526060737411,-1.1079340015240917,-0.9380118662748851,-0.6114231241376837,-0.49430115874782027,0.4184215534487363,-0.09700188760467407,0.1322116508239036
Escuela Superior de Música Pública José María Valle Riestra de Piura,-0.4643282816197503,-0.5119880234458101,-0.7455754877305734,-0.48509407660526555,2.1849770162556252,-0.9990666360751898,1.3800963654449023,0.22188895028307437,-2.642182423299476,-2.1454252644739893,2.0801758247133213,-0.4631442917768147,-0.3705462407716896,-0.2678562584008606,0.12410533025108426,0.41521821036275514,-0.6618117928529514,0.06648602934728115,0.18115236871353205,0.012694090580461111,0.38103175624252333,0.1412289024993773,-0.09809756266966639,-0.017168595284293785,-0.22816646618333924
Escuela Nacional Superior de Ballet,-0.4643282816197503,-0.5119880234458101,-0.7455754877305734,-0.48509407660526555,3.3882465383877345,-1.7764831780669508,-1.0458140748244114,0.6163969631053247,1.4215895233360791,-0.026969304780563988,-1.0141426121359471,-0.4631442917768147,-0.8628016394964858,-0.2678562584008606,-0.49515550576874634,0.3211527576718787,-0.3536921721655418,-0.15218082567859847,0.029186902303405236,-0.8318068765000538,1.3322216723031737,-1.1298312199950178,-1.924811509917676,-0.16746926294892034,6.959664237560169
"Escuela Superior de Arte Dramático ""Virgilio Rodríguez Nache""",-0.4643282816197503,-0.5119880234458101,-0.7455754877305734,-0.48509407660526555,-1.4248315501407014,0.2967312561166777,-1.0458140748244114,-0.5962152237722828,-2.642182423299476,0.45924629438040027,1.1638970642870814,-0.4631442917768147,-0.32634371517191146,-0.2678562584008606,-0.41374603101872387,0.9975281555919879,-0.6618117928529514,-0.6074901568953928,-1.6838783554107464,-2.37177922823511,0.10085890801297778,-1.7653612812422155,1.8503973143948764,-0.025642520167462636,0.092350068590744
Escuela Superior de Formación Artística Pública Mario Urteaga Alvarado de Cajamarca,-0.4643282816197503,-0.5119880234458101,-0.7455754877305734,-0.48509407660526555,-1.4248315501407014,-1.7764831780669508,-1.0458140748244114,2.3125996173134316,-2.642182423299476,-1.2659357525635568,1.8248194488568281,-0.4631442917768147,-0.08122061866405388,-0.2678562584008606,-0.5363175997434766,0.5160026239601223,-0.6618117928529514,-0.4502526060737411,-1.1079340015240917,-0.9380118662748851,-0.6114231241376837,-0.49430115874782027,0.4184215534487363,0.7637704821066889,-0.22986694105954245
Escuela Superior de Arte Pública Ignacio Merino de Piura,-0.4643282816197503,-0.5119880234458101,-0.7455754877305734,-0.48509407660526555,-1.4248315501407014,-0.740031444283535,-1.0458140748244114,1.8271911407072525,0.066727956327785,0.17120387781584823,0.6832262391454474,-0.4631442917768147,-0.09528505862761955,-0.2678562584008606,0.5091995872146713,0.7847610602197682,-0.6618117928529514,-0.6074901568953928,-1.6838783554107464,-2.37177922823511,0.10085890801297778,-1.7653612812422155,1.8503973143948764,0.1489649320304641,-0.20789864401021468
Instituto Superior de Música Público Leandro Alviña Miranda del Cusco,-0.4643282816197503,-0.5119880234458101,-0.7455754877305734,-0.48509407660526555,-1.4248315501407014,0.6154720383332998,-1.0458140748244114,-0.834374438886176,-0.7663452927325037,-1.6699632488647687,2.8612659155684765,-0.4631442917768147,-0.15154281848188222,-0.2678562584008606,0.05824597989151658,0.46225093670819306,-0.6618117928529514,-0.4502526060737411,-1.1079340015240917,-0.9380118662748851,-0.6114231241376837,-0.49430115874782027,0.4184215534487363,-0.1683612550418855,-0.24132599698206486
