universidad,tipo_gestion,es_publico,es_licenciada,es_universidad,doc_total,mat_total,egr_total,n_renacyt,score_mat,score_egr,score_concytec,pct_doctorado,pct_maestria,pct_renacyt_doc,pct_exclusiva,pct_tc,pct_contratado,pct_ordinario,edad_media_doc,pct_fem_doc,pct_fem_mat,pct_discap,pct_posgrado,edad_media_mat,n_departamentos,nota_prom_egr,creditos_prom_egr,pct_posgrado_egr,puntaje_medio,nivel_medio,pct_prod_rec,antiguedad_med,n_areas_ocde,pct_fem_renacyt,ratio_mat_doc,ratio_egr_mat
Universidad Nacional Agraria La Molina,Público,1,1,1,600,7438,120.0,215.0,100,100,100,3.83,13.5,11.33,71.67,5.67,21.5,77.67,56.32,33.33,48.49,0.2,15.07,25.06,1,13.758,206.6,0.0,59.60232558139535,3.33953488372093,47.906976744186046,4.996959712207312,6.0,37.67441860465116,12.4,1.61
Universidad Nacional Agraria de la Selva,Público,1,1,1,213,3662,94.0,47.0,100,100,100,0.0,0.0,0.0,90.61,0.94,13.62,86.38,58.37,13.62,39.24,0.96,0.0,21.64,1,12.594,217.1,0.0,34.08510638297872,2.3404255319148937,68.08510638297872,3.1460235629924127,4.0,17.02127659574468,17.2,2.57
Universidad Marcelino Champagnat,Privado,0,1,1,94,2528,1071.0,6.0,100,86,100,4.26,18.09,1.06,0.0,21.28,77.66,22.34,52.97,52.13,67.25,0.59,7.24,32.1,1,14.873,128.0,53.22,33.083333333333336,2.333333333333333,33.33333333333333,4.318503308236368,4.0,66.66666666666666,26.9,42.37
Universidad Autónoma del Perú S.A.C.,Privado,0,1,1,460,19236,1305.0,5.0,100,100,100,0.0,10.43,1.96,0.0,20.87,93.91,6.09,46.74,39.78,53.47,0.34,6.95,27.39,1,16.0,185.8,19.23,361.8,4.6,40.0,3.7092402464065706,3.0,40.0,41.8,6.78
Universidad para el Desarrollo Andino,Privado,0,1,1,56,1606,253.0,10.0,100,100,86,0.0,37.5,0.0,0.0,21.43,91.07,1.79,45.21,39.29,47.32,1.31,65.26,34.93,1,16.249,64.7,88.93,37.75,2.7,30.0,4.606981519507187,2.0,10.0,28.7,15.75
Universidad Nacional de Tumbes,Público,1,1,1,381,6328,341.0,64.0,100,100,100,0.0,0.0,1.57,10.5,39.63,44.62,38.85,51.02,33.07,51.47,1.15,0.0,22.0,1,13.158,215.3,0.0,33.5625,2.15625,51.5625,2.891983230663929,5.0,23.4375,16.6,5.39
Universidad de Piura,Privado,0,1,1,862,9925,1442.0,67.0,100,100,100,0.0,9.51,5.8,0.0,30.63,74.36,25.06,49.07,38.17,49.3,0.2,6.24,21.88,2,12.563,191.6,20.94,41.26865671641791,2.567164179104477,31.343283582089555,4.663663203489738,6.0,25.37313432835821,11.5,14.53
Universidad Tecnológica del Perú S.A.C.,Privado,0,1,1,7129,252343,15908.0,19.0,100,100,100,0.0,2.57,0.55,0.0,20.59,95.06,4.25,45.81,40.92,47.14,0.26,2.41,24.42,9,16.196,217.1,3.92,34.5,2.210526315789474,63.1578947368421,2.400086458445909,3.0,21.052631578947366,35.4,6.3
Universidad de Huánuco,Privado,0,1,1,337,20547,1193.0,21.0,100,100,100,0.0,4.15,1.19,2.08,37.69,92.28,7.72,47.82,37.39,56.39,0.6,2.17,24.09,1,13.737,207.8,10.06,29.214285714285715,1.9523809523809523,71.42857142857143,2.439294677487696,4.0,33.33333333333333,61.0,5.81
Universidad Andina del Cusco,Privado,0,1,1,677,18188,1414.0,29.0,100,100,100,5.61,5.32,1.03,1.48,32.05,84.05,15.51,50.97,39.44,54.06,0.42,3.36,23.67,2,16.08,236.3,3.61,42.72413793103448,2.6206896551724137,37.93103448275862,3.3878543274563957,5.0,34.48275862068966,26.9,7.77
Universidad Nacional de Cajamarca,Público,1,1,1,838,9427,152.0,68.0,100,88,100,0.0,0.0,0.36,31.15,17.3,48.33,41.77,54.16,33.17,45.25,1.54,0.0,22.23,1,14.027,215.8,0.0,39.19117647058823,2.5588235294117645,55.88235294117647,2.853122357772678,7.0,23.52941176470588,11.2,1.61
Universidad Privada de Huancayo Franklin Roosevelt S.A.C.,Privado,0,1,1,78,7074,398.0,49.0,100,100,100,0.0,0.0,2.56,0.0,15.38,88.46,2.56,47.0,52.56,78.47,0.35,0.0,27.15,1,14.197,213.3,0.0,18.714285714285715,1.2244897959183674,53.06122448979592,1.4741370881001272,3.0,46.93877551020408,90.7,5.63
Universidad del Pacífico,Privado,0,1,1,385,6737,634.0,7.0,100,100,100,0.0,0.0,10.13,0.0,24.94,84.68,15.32,49.0,30.39,51.82,0.16,11.1,22.79,1,16.051,189.8,17.51,33.5,2.4285714285714284,14.285714285714285,5.205045467879144,3.0,57.14285714285714,17.5,9.41
Universidad ESAN,Privado,0,1,1,261,4675,1071.0,48.0,100,100,100,0.0,58.24,3.45,0.0,21.84,92.72,7.28,54.55,18.77,49.01,0.13,9.84,24.98,1,14.873,128.0,53.22,43.16666666666666,2.520833333333333,50.0,3.7824549395391287,5.0,33.33333333333333,17.9,22.91
Universidad Nacional Intercultural de Quillabamba,Público,1,1,1,62,1133,128.0,18.0,100,88,100,0.0,0.0,0.0,11.29,48.39,33.87,64.52,49.68,35.48,41.39,1.77,0.0,21.65,1,14.486,214.2,0.0,34.75,2.333333333333333,27.77777777777778,3.422617689558141,6.0,44.44444444444444,18.3,11.3
Universidad Católica de Trujillo Benedicto XVI,Privado,0,1,1,613,12727,2201.0,29.0,100,100,100,0.33,26.92,0.65,0.16,15.33,91.03,5.87,47.96,45.51,60.56,0.94,25.64,31.17,1,16.48,116.1,45.84,21.379310344827587,1.4482758620689655,31.03448275862069,2.4128018126460384,3.0,41.37931034482759,20.8,17.29
Universidad Nacional Autónoma de Tayacaja Daniel Hernández Morillo,Público,1,1,1,45,1106,13.0,3.0,100,100,100,0.0,0.0,0.0,0.0,91.11,8.89,91.11,43.98,35.56,51.9,1.18,0.0,21.7,1,15.055,234.8,0.0,12.833333333333334,1.0,33.33333333333333,1.4866529774127308,2.0,0.0,24.6,1.18
Universidad Nacional de Juliaca,Público,1,1,1,104,3523,152.0,52.0,100,100,100,0.0,0.0,3.85,0.0,48.08,50.96,49.04,45.39,26.92,41.73,0.91,0.0,22.61,1,14.027,215.8,0.0,36.14423076923077,2.4038461538461537,73.07692307692307,2.8130890328015585,5.0,25.0,33.9,4.31
Universidad San Pedro,Privado,0,1,1,76,537,4.0,6.0,100,100,100,5.26,7.89,0.0,2.63,82.89,11.84,88.16,59.93,30.26,62.76,0.37,2.98,33.18,4,13.613,297.0,0.0,32.916666666666664,2.333333333333333,0.0,2.076659822039699,3.0,33.33333333333333,7.1,0.74
Universidad Nacional de Frontera,Público,1,1,1,84,1950,25.0,50.0,100,100,100,0.0,0.0,4.76,0.0,52.38,46.43,53.57,45.99,33.33,56.56,0.21,0.0,20.55,1,13.048,223.5,0.0,36.67,2.26,46.0,3.287994524298426,4.0,44.0,23.2,1.28
Universidad Nacional José María Arguedas,Público,1,1,1,115,2923,403.0,4.0,100,100,100,0.0,22.61,1.74,11.3,47.83,29.57,60.87,48.83,24.35,45.19,1.4,12.45,23.7,1,15.328,143.1,47.64,54.875,2.5,75.0,2.648870636550308,2.0,75.0,25.4,13.79
Universidad José Carlos Mariátegui,Privado,0,1,1,2,33,30.0,6.0,100,100,100,0.0,0.0,0.0,0.0,50.0,0.0,100.0,65.0,50.0,42.42,0.0,27.27,39.73,1,12.689,165.2,30.0,33.25,2.333333333333333,66.66666666666666,3.288158795345653,4.0,16.666666666666664,16.5,90.91
Universidad César Vallejo S.A.C.,Privado,0,1,1,1279,210269,10906.0,21.0,100,100,100,1.49,5.79,0.86,0.0,21.89,98.59,1.41,47.15,43.78,56.36,0.4,9.3,26.56,7,16.104,129.4,37.02,38.19047619047619,2.619047619047619,42.85714285714285,3.1573938267983443,4.0,52.38095238095239,164.4,5.19
Universidad Nacional Micaela Bastidas de Apurímac,Público,1,1,1,179,4256,226.0,57.0,100,100,100,0.0,11.17,2.23,0.0,54.75,44.13,55.31,49.71,24.58,43.47,1.06,4.18,22.97,1,13.0,213.8,0.0,31.210526315789476,2.1052631578947367,50.877192982456144,3.3372960121041824,6.0,26.31578947368421,23.8,5.31
Universidad Católica Santo Toribio de Mogrovejo,Privado,0,1,1,329,10997,1495.0,18.0,100,100,100,1.82,6.08,5.47,0.0,55.93,83.89,13.07,51.08,49.85,54.17,0.26,1.84,21.96,1,15.848,218.0,4.01,35.22222222222222,2.1666666666666665,0.0,3.860369609856263,3.0,72.22222222222221,33.4,13.59
Universidad Privada de Pucallpa S.A.C.,Privado,0,1,1,5,4,2.0,3.0,100,100,86,0.0,0.0,0.0,0.0,20.0,100.0,0.0,40.4,40.0,50.0,0.0,0.0,37.25,1,14.505,248.5,0.0,36.0,2.333333333333333,33.33333333333333,4.353182751540041,2.0,0.0,0.8,50.0
Universidad Nacional del Altiplano,Público,1,1,1,1485,23321,661.0,10.0,100,92,100,0.0,0.0,2.69,19.12,19.93,58.79,41.08,52.25,32.53,44.03,1.04,21.46,25.02,1,14.201,213.0,0.0,37.7,2.6,90.0,2.034770704996577,6.0,40.0,15.7,2.83
Universidad Católica de Santa María,Privado,0,1,1,431,22789,2725.0,13.0,100,100,100,0.93,1.16,2.09,0.23,9.51,79.58,20.42,48.45,39.68,55.22,0.21,3.91,23.0,1,15.4,197.7,13.17,41.96153846153846,2.6153846153846154,92.3076923076923,2.035486758279366,5.0,30.76923076923077,52.9,11.96
Universidad Inca Garcilaso de la Vega Asociación Civil,Privado,0,1,1,33,447,1071.0,3.0,100,86,100,3.03,18.18,0.0,0.0,36.36,90.91,6.06,56.06,51.52,51.01,0.45,0.0,43.97,1,14.873,128.0,53.22,35.666666666666664,2.333333333333333,66.66666666666666,2.4229979466119094,1.0,66.66666666666666,13.5,239.6
Universidad Señor de Sipán S.A.C.,Privado,0,1,1,706,20143,992.0,119.0,100,100,100,0.0,16.01,1.98,0.0,27.76,86.97,4.39,47.57,42.78,57.59,0.3,0.02,23.33,1,15.956,158.1,33.67,58.05042016806723,2.8487394957983194,60.50420168067227,2.863193737453914,6.0,32.77310924369748,28.5,4.92
Universidad Nacional Toribio Rodríguez de Mendoza de Amazonas,Público,1,1,1,279,4908,280.0,7.0,100,100,100,6.09,22.58,2.87,3.58,46.59,1.79,49.82,47.51,26.52,47.43,1.16,9.03,23.25,1,14.162,203.6,14.64,56.92857142857143,3.142857142857143,71.42857142857143,2.6197320817444023,5.0,14.285714285714285,17.6,5.7
Universidad Antonio Ruiz de Montoya,Privado,0,1,1,62,3370,62.0,22.0,100,100,100,0.0,12.9,4.84,0.0,19.35,87.1,12.9,50.39,37.1,63.03,0.74,4.33,23.51,1,15.222,210.5,3.23,22.477272727272727,1.5,36.36363636363637,3.1757824653101863,3.0,36.36363636363637,54.4,1.84
Universidad Católica San Pablo,Privado,0,1,1,248,9762,1133.0,56.0,100,100,100,0.0,4.44,5.65,0.0,18.95,84.68,10.89,45.48,38.71,51.03,0.27,3.88,22.46,1,14.729,203.7,9.0,35.910714285714285,2.232142857142857,48.21428571428572,4.30859489586389,5.0,42.85714285714285,39.4,11.61
Universidad Nacional Federico Villarreal,Público,1,1,1,1069,15113,10906.0,6.0,100,86,100,0.0,0.0,2.9,3.84,43.12,15.9,84.1,64.75,33.3,49.13,0.49,0.0,22.87,1,16.104,129.4,37.02,25.83333333333333,1.8333333333333333,66.66666666666666,1.9776408852384213,2.0,33.33333333333333,14.1,72.16
Universidad Nacional Amazónica de Madre de Dios,Público,1,1,1,118,4255,49.0,54.0,100,100,92,0.0,0.0,0.85,15.25,11.02,71.19,28.81,44.58,34.75,52.69,1.13,0.0,22.24,1,14.224,234.0,0.0,43.56481481481482,2.6666666666666665,55.55555555555556,2.972038431312901,6.0,31.48148148148148,36.1,1.15
Universidad Privada Antenor Orrego,Privado,0,1,1,1200,32086,211.0,113.0,100,100,100,0.0,0.33,1.08,0.08,15.42,86.25,13.67,49.68,37.5,57.49,0.15,1.58,21.92,2,14.285,223.1,0.0,34.756637168141594,2.256637168141593,53.09734513274337,2.9092208633921484,7.0,36.283185840707965,26.7,0.66
Universidad Católica Los Ángeles de Chimbote,Privado,0,1,1,7,31418,10906.0,13.0,86,86,100,0.0,0.0,0.0,0.0,42.86,57.14,42.86,58.57,42.86,48.05,0.09,2.05,21.18,1,16.104,129.4,37.02,26.653846153846157,1.7692307692307692,53.84615384615385,2.623703469699363,3.0,23.07692307692308,4488.3,34.71
Universidad Femenina del Sagrado Corazón,Privado,0,1,1,395,3506,741.0,10.0,100,100,100,2.78,8.35,1.01,0.25,20.25,79.49,20.51,54.84,63.8,99.0,0.09,10.52,25.44,1,16.573,193.0,26.72,31.85,2.2,40.0,2.423545516769336,4.0,60.0,8.9,21.14
Universidad de Lima,Privado,0,1,1,1525,31418,3056.0,5.0,100,100,100,0.59,8.98,2.3,0.07,17.44,46.82,53.11,49.98,30.1,48.05,0.09,2.05,21.18,1,15.547,206.7,6.38,18.5,1.2,40.0,1.87378507871321,3.0,20.0,20.6,9.73
Escuela de Postgrado Gerens S.A.,Privado,0,1,0,7,55,1495.0,29.0,100,86,86,0.0,100.0,0.0,0.0,42.86,57.14,42.86,62.14,42.86,20.0,0.0,100.0,38.27,1,15.848,218.0,4.01,21.379310344827587,1.4482758620689655,31.03448275862069,2.4128018126460384,3.0,41.37931034482759,7.9,2718.18
Universidad Nacional Hermilio Valdizán de Huánuco,Público,1,1,1,578,11703,1415.0,9.0,100,100,95,0.0,0.0,13.32,31.83,23.53,21.8,67.13,55.49,31.14,50.61,2.72,32.05,28.61,1,15.119,168.2,11.8,40.833333333333336,2.555555555555556,55.55555555555556,3.0335386721423685,4.0,44.44444444444444,20.2,12.09
Universidad Continental S.A.C.,Privado,0,1,1,2022,81547,2197.0,17.0,100,100,100,1.58,17.61,1.78,0.0,24.09,96.79,2.52,47.21,34.37,46.01,0.4,4.91,26.53,4,15.306,217.0,0.0,61.20588235294117,3.0588235294117645,64.70588235294117,3.2190683254821435,5.0,35.294117647058826,40.3,2.69
Pontificia Universidad Católica del Perú,Privado,0,1,1,3349,32620,1198.0,7.0,100,100,100,3.19,27.98,13.68,0.0,25.59,67.93,30.25,49.35,35.17,47.53,0.27,19.83,24.59,1,14.646,203.0,5.59,60.642857142857146,3.571428571428572,57.14285714285714,2.871223232619536,4.0,14.285714285714285,9.7,3.67
Universidad Privada del Norte S.A.C.,Privado,0,1,1,2109,133042,6044.0,8.0,100,100,100,0.0,7.68,0.47,0.0,17.35,91.04,4.46,44.35,35.8,51.72,0.25,1.24,24.31,3,16.424,206.7,0.0,19.1875,1.25,75.0,0.4989733059548254,3.0,37.5,63.1,4.54
Universidad Científica del Sur S.A.C.,Privado,0,1,1,2075,32896,1245.0,20.0,100,100,100,0.0,5.64,3.52,0.0,17.45,91.23,0.96,46.05,38.89,64.54,0.32,3.5,22.57,1,16.132,228.4,0.0,49.375,2.9,60.0,3.809719370294319,5.0,45.0,15.9,3.78
Universidad Católica Sedes Sapientiae,Privado,0,1,1,462,13844,433.0,17.0,100,100,100,0.0,6.06,1.08,0.43,32.03,71.86,16.45,48.38,40.48,60.11,0.44,2.25,23.72,5,14.825,206.7,0.0,35.35294117647059,2.294117647058824,58.82352941176471,2.4763055119378343,5.0,41.17647058823529,30.0,3.13
Universidad Nacional del Callao,Público,1,1,1,809,11537,661.0,7.0,100,100,100,5.44,20.64,0.62,21.63,35.85,26.21,73.55,61.0,24.1,39.9,0.35,20.22,27.36,1,14.201,213.0,0.0,44.0,2.7142857142857144,85.71428571428571,2.9584433362667446,3.0,57.14285714285714,14.3,5.73
Universidad Ricardo Palma,Privado,0,1,1,307,11611,1736.0,4.0,100,100,100,1.3,9.45,1.95,3.58,26.06,55.37,44.63,57.93,37.13,53.18,0.12,5.37,23.52,1,14.228,217.8,5.7,51.75,3.5,25.0,6.0629705681040384,2.0,0.0,37.8,14.95
Universidad Privada San Juan Bautista S.A.C.,Privado,0,1,1,1373,24145,3482.0,3.0,100,100,100,0.0,4.95,1.68,0.0,26.15,89.73,6.12,49.36,39.91,60.55,0.27,3.7,23.72,2,15.547,185.9,16.8,60.333333333333336,3.333333333333333,66.66666666666666,2.954140999315537,2.0,0.0,17.6,14.42
Universidad Nacional de Cañete,Público,1,1,1,88,2144,292.0,8.0,100,100,100,4.55,19.32,0.0,5.68,51.14,30.68,56.82,51.07,31.82,44.68,0.93,9.28,23.49,1,16.433,169.2,31.85,21.0,1.375,62.5,1.44113620807666,3.0,25.0,24.4,13.62
Universidad Nacional Tecnológica de Lima Sur,Público,1,1,1,142,2317,201.0,46.0,100,100,95,0.0,0.0,3.52,0.7,62.68,22.54,77.46,51.43,19.72,25.12,0.47,3.5,23.35,1,14.165,217.0,0.0,55.54347826086956,3.0434782608695654,45.65217391304348,4.221587358271583,5.0,15.217391304347828,16.3,8.68
Universidad Nacional Santiago Antúnez de Mayolo,Público,1,1,1,570,8242,10906.0,46.0,100,86,100,0.88,10.53,2.46,19.12,59.65,12.81,81.58,54.33,29.82,42.83,0.41,8.15,23.53,1,16.104,129.4,37.02,37.42391304347826,2.4782608695652173,56.52173913043478,3.242686664881112,5.0,32.608695652173914,14.5,132.32
Universidad de Ingeniería y Tecnología,Privado,0,1,1,226,4666,298.0,6.0,100,100,100,0.0,12.83,5.31,0.0,11.95,88.05,6.64,42.62,17.26,28.08,0.19,5.53,22.06,1,14.98,198.4,3.69,81.08333333333333,4.166666666666667,66.66666666666666,3.930641113392653,4.0,50.0,20.6,6.39
Universidad Peruana de Ciencias Aplicadas S.A.C.,Privado,0,1,1,1156,81014,2311.0,12.0,100,100,100,0.0,7.79,1.9,0.0,17.3,92.65,2.25,45.68,37.54,47.58,0.21,4.02,23.39,1,16.041,163.4,24.58,37.91666666666666,2.583333333333333,50.0,2.858772530230436,5.0,50.0,70.1,2.85
Universidad Privada Norbert Wiener S.A.,Privado,0,1,1,1147,24075,2964.0,6.0,100,100,100,0.0,3.4,1.83,0.0,24.5,87.97,7.5,48.47,46.12,70.63,0.25,4.06,27.46,1,15.819,129.3,9.11,98.0,3.6666666666666665,50.0,3.477983116586813,3.0,50.0,21.0,12.31
Facultad de Teología Pontificia y Civil de Lima,Privado,0,1,1,45,324,81.0,3.0,100,100,86,0.0,26.67,2.22,4.44,24.44,60.0,40.0,52.47,26.67,52.16,0.93,36.42,40.38,1,16.86,51.5,70.37,13.666666666666666,1.0,0.0,3.123887748117728,1.0,66.66666666666666,7.2,25.0
Universidad Nacional de Moquegua,Público,1,1,1,309,3267,307.0,4.0,100,100,100,0.0,4.53,3.24,2.27,24.6,69.58,29.13,48.58,31.72,44.02,1.01,4.07,22.49,1,13.448,218.7,0.0,71.0,3.5,100.0,3.023956194387406,2.0,25.0,10.6,9.4
Universidad Nacional Daniel Alcides Carrión,Público,1,1,1,214,7269,10906.0,71.0,100,86,100,0.0,8.88,0.93,17.29,18.69,64.02,35.98,50.31,31.78,51.33,1.02,6.01,22.7,2,16.104,129.4,37.02,24.38732394366197,1.6056338028169015,57.74647887323944,2.1156259941579663,7.0,32.3943661971831,34.0,150.03
Universidad Nacional de San Agustín de Arequipa,Público,1,1,1,1406,25898,334.0,18.0,100,100,100,0.0,0.0,3.2,29.59,39.4,2.99,88.19,57.55,33.93,47.72,0.47,0.0,22.38,1,14.338,230.0,0.0,47.97222222222222,2.9444444444444446,66.66666666666666,4.3890790174157726,6.0,38.88888888888889,18.4,1.29
Universidad Nacional de Jaén,Público,1,1,1,8,2179,170.0,3.0,100,100,100,0.0,100.0,0.0,12.5,62.5,0.0,25.0,50.38,12.5,37.63,1.33,1.01,22.29,1,13.45,203.5,6.47,37.333333333333336,3.0,66.66666666666666,3.648642482318047,2.0,33.33333333333333,272.4,7.8
Universidad Peruana Los Andes,Privado,0,1,1,330,18502,2438.0,12.0,100,100,100,0.91,3.64,0.3,8.79,23.33,76.06,18.18,49.33,40.0,58.53,0.33,2.03,24.18,1,14.745,206.1,11.65,27.875,1.9166666666666667,75.0,2.026922199406799,4.0,41.66666666666667,56.1,13.18
Universidad Le Cordon Bleu S.A.C.,Privado,0,1,1,66,1056,109.0,7.0,100,100,100,0.0,9.09,1.52,0.0,24.24,56.06,33.33,51.23,30.3,42.8,0.19,0.66,21.97,1,15.76,200.2,0.0,48.07142857142857,3.2857142857142856,57.14285714285714,4.514715947980835,4.0,14.285714285714285,16.0,10.32
Asociación Civil Universidad de Ciencias y Humanidades,Privado,0,1,1,47,6078,227.0,31.0,100,100,95,0.0,6.38,4.26,0.0,42.55,93.62,6.38,44.6,40.43,71.85,0.16,3.09,26.37,1,15.83,174.8,18.5,46.7258064516129,2.4516129032258065,51.61290322580645,3.403590117241836,4.0,32.25806451612903,129.3,3.73
Universidad Privada de Tacna,Privado,0,1,1,640,8032,227.0,45.0,100,100,100,0.47,11.72,1.72,0.0,18.91,84.84,7.5,50.2,37.81,51.23,0.29,7.92,23.58,1,16.135,50.8,100.0,31.18888888888889,2.111111111111111,64.44444444444444,2.16290212183436,7.0,42.22222222222222,12.6,2.83
Universidad de San Martín de Porres,Privado,0,1,1,2143,30657,1071.0,3.0,100,86,100,2.01,9.61,2.19,0.05,21.51,92.11,2.99,51.53,34.25,58.51,0.21,8.83,24.11,3,14.873,128.0,53.22,32.0,2.333333333333333,0.0,5.0851015286333565,2.0,33.33333333333333,14.3,3.49
Universidad Nacional de Piura,Público,1,1,1,289,12542,242.0,6.0,100,100,100,0.0,0.0,0.35,36.33,39.79,18.69,80.97,59.67,19.03,44.58,0.65,0.0,21.54,1,12.812,227.4,0.0,20.33333333333333,1.3333333333333333,66.66666666666666,1.5217887291809262,4.0,16.666666666666664,43.4,1.93
Universidad Nacional de San Martín,Público,1,1,1,389,6684,453.0,28.0,100,100,100,0.0,0.0,1.03,19.02,52.7,22.62,73.26,56.38,32.39,48.7,0.43,0.0,21.59,1,14.454,236.9,0.0,36.10714285714285,2.4285714285714284,67.85714285714286,3.05534369805417,6.0,32.142857142857146,17.2,6.78
Universidad Nacional Autónoma de Chota,Público,1,1,1,46,946,84.0,30.0,94,94,100,0.0,0.0,4.35,0.0,86.96,8.7,91.3,48.35,23.91,47.04,1.69,0.0,22.44,1,14.433,216.6,0.0,36.9,2.3666666666666667,50.0,3.291444216290212,6.0,23.33333333333333,20.6,8.88
Universidad Nacional José Faustino Sánchez Carrión,Público,1,1,1,348,12385,788.0,98.0,100,100,100,0.0,0.0,0.86,24.43,23.56,34.48,65.23,58.79,31.03,49.1,0.57,0.0,22.42,1,14.583,230.0,0.0,32.15816326530612,2.173469387755102,66.3265306122449,2.455572783528196,6.0,29.59183673469388,35.6,6.36
Universidad Nacional Intercultural de la Selva Central Juan Santos Atahualpa,Público,1,1,1,83,1334,10906.0,21.0,100,86,100,0.0,0.0,2.41,0.0,24.1,74.7,25.3,46.11,24.1,47.6,0.6,0.0,22.51,1,16.104,129.4,37.02,37.69047619047619,2.4285714285714284,80.95238095238095,2.983996610279978,4.0,14.285714285714285,16.1,817.54
Universidad Nacional Autónoma de Huanta,Público,1,1,1,49,946,84.0,4.0,100,100,100,0.0,0.0,2.04,0.0,48.98,46.94,36.73,50.22,24.49,47.04,1.69,0.0,22.44,1,14.433,216.6,0.0,18.75,1.25,75.0,0.9972621492128678,2.0,50.0,19.3,8.88
Universidad María Auxiliadora S.A.C.,Privado,0,1,1,100,4587,355.0,8.0,100,100,100,0.0,10.0,0.0,0.0,33.0,96.0,4.0,48.0,51.0,76.83,0.13,1.31,32.8,1,16.007,126.4,7.04,34.375,2.25,50.0,3.746064339493498,3.0,37.5,45.9,7.74
Universidad Peruana Unión,Privado,0,1,1,751,16604,2476.0,6.0,100,100,100,0.27,2.26,0.67,4.39,35.15,89.48,10.25,43.55,42.34,57.88,0.37,6.28,24.39,3,16.328,111.5,10.22,77.83333333333333,3.6666666666666665,66.66666666666666,3.070499657768652,2.0,33.33333333333333,22.1,14.91
Universidad Nacional de Huancavelica,Público,1,1,1,192,7574,63.0,8.0,100,87,100,0.0,0.0,1.04,53.12,21.88,25.0,75.0,52.65,26.04,49.49,0.87,21.14,27.7,1,12.787,219.1,0.0,45.5,3.0,62.5,3.488021902806297,5.0,25.0,39.4,0.83
Universidad Andina Néstor Cáceres Velásquez,Privado,0,1,1,50,431,10906.0,3.0,100,86,100,0.0,0.0,0.0,24.0,54.0,0.0,100.0,58.98,14.0,42.69,0.0,0.0,31.62,1,16.104,129.4,37.02,21.166666666666668,1.3333333333333333,66.66666666666666,1.645448323066393,2.0,0.0,8.6,2530.39
Universidad Nacional Pedro Ruiz Gallo,Público,1,1,1,176,7015,339.0,4.0,100,100,100,0.0,0.0,1.7,19.32,18.18,59.09,36.93,53.24,30.11,38.75,0.66,4.11,22.28,1,12.898,217.7,0.0,13.75,1.0,75.0,0.8658453114305271,3.0,75.0,39.9,4.83
Universidad Alas Peruanas S.A.,Privado,0,1,1,24,576,320.0,6.0,100,100,100,0.0,0.0,0.0,0.0,0.0,100.0,0.0,50.42,41.67,48.78,0.69,0.0,35.29,17,12.936,240.0,0.0,30.75,2.1666666666666665,66.66666666666666,2.673511293634497,4.0,33.33333333333333,24.0,55.56
Universidad Peruana Cayetano Heredia,Privado,0,1,1,1490,12763,401.0,10.0,100,100,100,1.54,10.34,9.26,0.0,20.07,70.0,30.0,48.46,46.17,67.39,0.37,11.53,24.34,1,15.367,215.7,0.0,52.05,3.0,30.0,3.411088295687885,4.0,40.0,8.6,3.14
Universidad Jaime Bausate y Meza,Privado,0,1,1,104,1040,92.0,4.0,100,100,86,2.88,21.15,0.96,0.96,16.35,90.38,8.65,52.27,32.69,42.88,0.38,9.9,28.77,1,15.002,259.1,35.87,42.25,3.0,75.0,3.784394250513347,2.0,50.0,10.0,8.85
Universidad Nacional de San Cristóbal de Huamanga,Público,1,1,1,282,12169,10906.0,4.0,100,86,100,0.0,0.0,1.77,21.63,23.05,50.35,49.65,51.02,35.82,42.79,0.54,0.0,24.55,2,16.104,129.4,37.02,20.25,1.5,75.0,0.647501711156742,3.0,0.0,43.2,89.62
Universidad Nacional Mayor de San Marcos,Público,1,1,1,3527,43961,1301.0,10.0,100,100,100,1.76,8.25,9.44,14.29,39.35,1.11,98.89,59.78,29.88,45.39,0.61,17.09,25.4,1,15.504,148.0,51.5,35.7,2.0,50.0,2.9659137577002053,5.0,20.0,12.5,2.96
Universidad Nacional de la Amazonía Peruana,Público,1,1,1,718,12282,259.0,8.0,100,100,100,0.0,0.0,2.51,32.73,25.91,33.84,60.86,56.06,31.62,47.58,0.66,4.91,24.27,1,13.656,228.1,0.0,39.5625,2.0,75.0,1.217659137577002,4.0,12.5,17.1,2.11
Universidad Científica del Perú,Privado,0,1,1,64,314,49.0,10.0,100,100,100,0.0,0.0,0.0,4.69,40.62,67.19,32.81,57.7,28.12,62.42,0.32,0.0,29.94,1,13.757,216.2,0.0,32.4,2.1,30.0,3.908008213552361,4.0,30.0,4.9,15.61
Universidad de Ciencias y Artes de América Latina S.A.C.,Privado,0,1,1,186,2706,96.0,3.0,100,100,95,0.0,15.05,0.0,0.0,25.81,83.33,10.22,45.54,38.71,64.45,0.33,2.4,22.29,1,15.123,209.7,0.0,13.0,1.0,33.33333333333333,2.7250741501254847,2.0,33.33333333333333,14.5,3.55
Universidad Nacional del Centro del Perú,Público,1,1,1,719,11096,879.0,147.0,100,100,100,0.0,0.0,3.06,32.82,47.57,16.97,81.78,57.26,25.73,46.72,0.43,0.0,21.67,1,14.365,218.9,0.0,34.18707482993197,2.292517006802721,52.38095238095239,3.3239184790959504,6.0,30.612244897959183,15.4,7.92
Escuela de Posgrado Newman S.A.C.,Privado,0,1,0,89,2404,1495.0,31.0,100,86,100,0.0,100.0,1.12,0.0,31.46,83.15,16.85,44.16,42.7,43.47,0.21,100.0,40.34,1,15.848,218.0,4.01,67.40322580645162,2.870967741935484,51.61290322580645,3.2822415049347557,6.0,38.70967741935484,27.0,62.19
Universidad San Ignacio de Loyola S.R.L.,Privado,0,1,1,615,22001,2606.0,6.0,100,100,100,2.76,12.2,1.63,0.0,16.75,86.34,0.49,45.39,36.1,51.15,0.23,9.26,25.92,1,15.832,195.0,7.6,373.5833333333333,4.833333333333333,66.66666666666666,3.770020533880904,4.0,16.666666666666664,35.8,11.84
"Escuela Nacional Superior de Arte Dramático ""Guillermo Ugarte Chamorro""",Público,1,0,0,21,501,6.0,6.0,100,100,86,0.0,0.0,0.0,0.0,4.76,0.0,4.76,45.1,42.86,65.87,0.2,0.0,25.8,1,14.167,220.0,0.0,25.83333333333333,1.8333333333333333,66.66666666666666,1.9776408852384213,2.0,33.33333333333333,23.9,1.2
Escuela Nacional Superior de Folklore José María Arguedas,Público,1,0,0,70,960,124.0,3.0,100,100,86,0.0,0.0,0.0,0.0,0.0,60.0,0.0,51.86,32.86,44.69,0.52,0.0,30.0,1,15.066,159.5,0.0,20.166666666666668,1.3333333333333333,66.66666666666666,3.139402235911476,1.0,33.33333333333333,13.7,12.92
Escuela Superior de Guerra Naval,Público,1,0,0,33,109,3056.0,3.0,100,86,86,0.0,100.0,0.0,0.0,0.0,0.0,0.0,61.97,0.0,4.59,0.0,100.0,39.06,1,14.365,206.7,6.38,36.0,2.333333333333333,33.33333333333333,4.353182751540041,2.0,0.0,3.3,2803.67
Conservatorio Regional de Música Luis Duncker Lavalle,Público,1,0,0,7,167,3.0,3.0,100,100,86,0.0,0.0,0.0,0.0,0.0,71.43,0.0,52.0,14.29,26.95,2.99,0.0,23.84,1,17.107,220.0,0.0,13.666666666666666,1.0,0.0,3.123887748117728,1.0,66.66666666666666,23.9,1.8
Instituto Superior de Música Público Daniel Alomía Robles de Huánuco,Público,1,0,0,11,53,16.0,31.0,100,100,86,0.0,0.0,0.0,0.0,0.0,72.73,0.0,41.09,0.0,11.32,1.89,0.0,28.23,1,14.236,220.0,0.0,46.7258064516129,2.4516129032258065,51.61290322580645,3.403590117241836,4.0,32.25806451612903,4.8,30.19
Escuela Superior de Formación Artística Sérvulo Gutiérrez Alarcón de Ica,Público,1,0,0,5,185,453.0,29.0,100,86,86,0.0,0.0,0.0,0.0,0.0,40.0,0.0,58.2,0.0,65.41,3.24,0.0,26.65,1,14.454,236.9,0.0,21.379310344827587,1.4482758620689655,31.03448275862069,2.4128018126460384,3.0,41.37931034482759,37.0,244.86
Escuela Superior de Música Pública José María Valle Riestra de Piura,Público,1,0,0,4,291,28.0,31.0,100,100,86,0.0,0.0,0.0,0.0,75.0,25.0,75.0,52.5,0.0,21.65,2.06,0.0,23.88,1,15.042,210.9,0.0,46.7258064516129,2.4516129032258065,51.61290322580645,3.403590117241836,4.0,32.25806451612903,72.8,9.62
Escuela Nacional Superior de Ballet,Público,1,0,0,12,65,3056.0,3.0,100,86,86,0.0,0.0,0.0,0.0,100.0,0.0,0.0,54.67,50.0,49.23,0.0,0.0,21.43,1,14.365,206.7,6.38,36.0,2.333333333333333,33.33333333333333,4.353182751540041,2.0,0.0,5.4,4701.54
"Escuela Superior de Arte Dramático ""Virgilio Rodríguez Nache""",Público,1,0,0,3,207,453.0,3.0,100,86,86,0.0,0.0,0.0,0.0,0.0,66.67,0.0,48.0,0.0,55.56,1.45,0.0,24.1,1,14.454,236.9,0.0,13.666666666666666,1.0,0.0,3.123887748117728,1.0,66.66666666666666,69.0,218.84
Escuela Superior de Formación Artística Pública Mario Urteaga Alvarado de Cajamarca,Público,1,0,0,1,423,36.0,29.0,100,100,86,0.0,0.0,0.0,0.0,0.0,0.0,0.0,64.0,0.0,33.1,1.89,0.0,25.32,1,14.32,215.4,0.0,21.379310344827587,1.4482758620689655,31.03448275862069,2.4128018126460384,3.0,41.37931034482759,423.0,8.51
Escuela Superior de Arte Pública Ignacio Merino de Piura,Público,1,0,0,3,442,101.0,3.0,100,100,86,0.0,0.0,0.0,0.0,0.0,33.33,0.0,61.33,33.33,51.81,1.13,0.0,25.25,1,15.463,227.4,0.0,13.666666666666666,1.0,0.0,3.123887748117728,1.0,66.66666666666666,147.3,22.85
Instituto Superior de Música Público Leandro Alviña Miranda del Cusco,Público,1,0,0,39,194,2.0,29.0,100,100,86,0.0,0.0,0.0,0.0,0.0,76.92,0.0,46.69,23.08,27.84,2.58,0.0,24.97,1,14.97,213.0,0.0,21.379310344827587,1.4482758620689655,31.03448275862069,2.4128018126460384,3.0,41.37931034482759,5.0,1.03
